-- phpMyAdmin SQL Dump
-- version 5.2.0
-- https://www.phpmyadmin.net/
--
-- Host: 127.0.0.1
-- Generation Time: Jul 17, 2024 at 03:56 PM
-- Server version: 10.4.27-MariaDB
-- PHP Version: 8.2.0

SET SQL_MODE = "NO_AUTO_VALUE_ON_ZERO";
START TRANSACTION;
SET time_zone = "+00:00";


/*!40101 SET @OLD_CHARACTER_SET_CLIENT=@@CHARACTER_SET_CLIENT */;
/*!40101 SET @OLD_CHARACTER_SET_RESULTS=@@CHARACTER_SET_RESULTS */;
/*!40101 SET @OLD_COLLATION_CONNECTION=@@COLLATION_CONNECTION */;
/*!40101 SET NAMES utf8mb4 */;

--
-- Database: `qa_ontology`
--

-- --------------------------------------------------------

--
-- Table structure for table `auth_group`
--

CREATE TABLE `auth_group` (
  `id` int(11) NOT NULL,
  `name` varchar(150) NOT NULL
) ENGINE=InnoDB DEFAULT CHARSET=utf8mb4 COLLATE=utf8mb4_general_ci;

-- --------------------------------------------------------

--
-- Table structure for table `auth_group_permissions`
--

CREATE TABLE `auth_group_permissions` (
  `id` bigint(20) NOT NULL,
  `group_id` int(11) NOT NULL,
  `permission_id` int(11) NOT NULL
) ENGINE=InnoDB DEFAULT CHARSET=utf8mb4 COLLATE=utf8mb4_general_ci;

-- --------------------------------------------------------

--
-- Table structure for table `auth_permission`
--

CREATE TABLE `auth_permission` (
  `id` int(11) NOT NULL,
  `name` varchar(255) NOT NULL,
  `content_type_id` int(11) NOT NULL,
  `codename` varchar(100) NOT NULL
) ENGINE=InnoDB DEFAULT CHARSET=utf8mb4 COLLATE=utf8mb4_general_ci;

--
-- Dumping data for table `auth_permission`
--

INSERT INTO `auth_permission` (`id`, `name`, `content_type_id`, `codename`) VALUES
(1, 'Can add log entry', 1, 'add_logentry'),
(2, 'Can change log entry', 1, 'change_logentry'),
(3, 'Can delete log entry', 1, 'delete_logentry'),
(4, 'Can view log entry', 1, 'view_logentry'),
(5, 'Can add permission', 2, 'add_permission'),
(6, 'Can change permission', 2, 'change_permission'),
(7, 'Can delete permission', 2, 'delete_permission'),
(8, 'Can view permission', 2, 'view_permission'),
(9, 'Can add group', 3, 'add_group'),
(10, 'Can change group', 3, 'change_group'),
(11, 'Can delete group', 3, 'delete_group'),
(12, 'Can view group', 3, 'view_group'),
(13, 'Can add user', 4, 'add_user'),
(14, 'Can change user', 4, 'change_user'),
(15, 'Can delete user', 4, 'delete_user'),
(16, 'Can view user', 4, 'view_user'),
(17, 'Can add content type', 5, 'add_contenttype'),
(18, 'Can change content type', 5, 'change_contenttype'),
(19, 'Can delete content type', 5, 'delete_contenttype'),
(20, 'Can view content type', 5, 'view_contenttype'),
(21, 'Can add session', 6, 'add_session'),
(22, 'Can change session', 6, 'change_session'),
(23, 'Can delete session', 6, 'delete_session'),
(24, 'Can view session', 6, 'view_session'),
(25, 'Can add documents', 7, 'add_documents'),
(26, 'Can change documents', 7, 'change_documents'),
(27, 'Can delete documents', 7, 'delete_documents'),
(28, 'Can view documents', 7, 'view_documents'),
(29, 'Can add refinements', 8, 'add_refinements'),
(30, 'Can change refinements', 8, 'change_refinements'),
(31, 'Can delete refinements', 8, 'delete_refinements'),
(32, 'Can view refinements', 8, 'view_refinements'),
(33, 'Can add uploader', 9, 'add_uploader'),
(34, 'Can change uploader', 9, 'change_uploader'),
(35, 'Can delete uploader', 9, 'delete_uploader'),
(36, 'Can view uploader', 9, 'view_uploader'),
(37, 'Can add doc details', 10, 'add_docdetails'),
(38, 'Can change doc details', 10, 'change_docdetails'),
(39, 'Can delete doc details', 10, 'delete_docdetails'),
(40, 'Can view doc details', 10, 'view_docdetails'),
(41, 'Can add terms', 11, 'add_terms'),
(42, 'Can change terms', 11, 'change_terms'),
(43, 'Can delete terms', 11, 'delete_terms'),
(44, 'Can view terms', 11, 'view_terms'),
(45, 'Can add posting lists', 12, 'add_postinglists'),
(46, 'Can change posting lists', 12, 'change_postinglists'),
(47, 'Can delete posting lists', 12, 'delete_postinglists'),
(48, 'Can view posting lists', 12, 'view_postinglists');

-- --------------------------------------------------------

--
-- Table structure for table `auth_user`
--

CREATE TABLE `auth_user` (
  `id` int(11) NOT NULL,
  `password` varchar(128) NOT NULL,
  `last_login` datetime(6) DEFAULT NULL,
  `is_superuser` tinyint(1) NOT NULL,
  `username` varchar(150) NOT NULL,
  `first_name` varchar(150) NOT NULL,
  `last_name` varchar(150) NOT NULL,
  `email` varchar(254) NOT NULL,
  `is_staff` tinyint(1) NOT NULL,
  `is_active` tinyint(1) NOT NULL,
  `date_joined` datetime(6) NOT NULL
) ENGINE=InnoDB DEFAULT CHARSET=utf8mb4 COLLATE=utf8mb4_general_ci;

-- --------------------------------------------------------

--
-- Table structure for table `auth_user_groups`
--

CREATE TABLE `auth_user_groups` (
  `id` bigint(20) NOT NULL,
  `user_id` int(11) NOT NULL,
  `group_id` int(11) NOT NULL
) ENGINE=InnoDB DEFAULT CHARSET=utf8mb4 COLLATE=utf8mb4_general_ci;

-- --------------------------------------------------------

--
-- Table structure for table `auth_user_user_permissions`
--

CREATE TABLE `auth_user_user_permissions` (
  `id` bigint(20) NOT NULL,
  `user_id` int(11) NOT NULL,
  `permission_id` int(11) NOT NULL
) ENGINE=InnoDB DEFAULT CHARSET=utf8mb4 COLLATE=utf8mb4_general_ci;

-- --------------------------------------------------------

--
-- Table structure for table `django_admin_log`
--

CREATE TABLE `django_admin_log` (
  `id` int(11) NOT NULL,
  `action_time` datetime(6) NOT NULL,
  `object_id` longtext DEFAULT NULL,
  `object_repr` varchar(200) NOT NULL,
  `action_flag` smallint(5) UNSIGNED NOT NULL CHECK (`action_flag` >= 0),
  `change_message` longtext NOT NULL,
  `content_type_id` int(11) DEFAULT NULL,
  `user_id` int(11) NOT NULL
) ENGINE=InnoDB DEFAULT CHARSET=utf8mb4 COLLATE=utf8mb4_general_ci;

-- --------------------------------------------------------

--
-- Table structure for table `django_content_type`
--

CREATE TABLE `django_content_type` (
  `id` int(11) NOT NULL,
  `app_label` varchar(100) NOT NULL,
  `model` varchar(100) NOT NULL
) ENGINE=InnoDB DEFAULT CHARSET=utf8mb4 COLLATE=utf8mb4_general_ci;

--
-- Dumping data for table `django_content_type`
--

INSERT INTO `django_content_type` (`id`, `app_label`, `model`) VALUES
(1, 'admin', 'logentry'),
(3, 'auth', 'group'),
(2, 'auth', 'permission'),
(4, 'auth', 'user'),
(5, 'contenttypes', 'contenttype'),
(10, 'kms_app', 'docdetails'),
(7, 'kms_app', 'documents'),
(12, 'kms_app', 'postinglists'),
(8, 'kms_app', 'refinements'),
(11, 'kms_app', 'terms'),
(9, 'kms_app', 'uploader'),
(6, 'sessions', 'session');

-- --------------------------------------------------------

--
-- Table structure for table `django_migrations`
--

CREATE TABLE `django_migrations` (
  `id` bigint(20) NOT NULL,
  `app` varchar(255) NOT NULL,
  `name` varchar(255) NOT NULL,
  `applied` datetime(6) NOT NULL
) ENGINE=InnoDB DEFAULT CHARSET=utf8mb4 COLLATE=utf8mb4_general_ci;

--
-- Dumping data for table `django_migrations`
--

INSERT INTO `django_migrations` (`id`, `app`, `name`, `applied`) VALUES
(1, 'contenttypes', '0001_initial', '2024-06-15 07:41:33.325611'),
(2, 'auth', '0001_initial', '2024-06-15 07:41:34.108105'),
(3, 'admin', '0001_initial', '2024-06-15 07:41:34.339159'),
(4, 'admin', '0002_logentry_remove_auto_add', '2024-06-15 07:41:34.354792'),
(5, 'admin', '0003_logentry_add_action_flag_choices', '2024-06-15 07:41:34.375960'),
(6, 'contenttypes', '0002_remove_content_type_name', '2024-06-15 07:41:34.510328'),
(7, 'auth', '0002_alter_permission_name_max_length', '2024-06-15 07:41:34.833857'),
(8, 'auth', '0003_alter_user_email_max_length', '2024-06-15 07:41:34.885038'),
(9, 'auth', '0004_alter_user_username_opts', '2024-06-15 07:41:34.899088'),
(10, 'auth', '0005_alter_user_last_login_null', '2024-06-15 07:41:34.993037'),
(11, 'auth', '0006_require_contenttypes_0002', '2024-06-15 07:41:35.001689'),
(12, 'auth', '0007_alter_validators_add_error_messages', '2024-06-15 07:41:35.010611'),
(13, 'auth', '0008_alter_user_username_max_length', '2024-06-15 07:41:35.012036'),
(14, 'auth', '0009_alter_user_last_name_max_length', '2024-06-15 07:41:35.044229'),
(15, 'auth', '0010_alter_group_name_max_length', '2024-06-15 07:41:35.068223'),
(16, 'auth', '0011_update_proxy_permissions', '2024-06-15 07:41:35.078968'),
(17, 'auth', '0012_alter_user_first_name_max_length', '2024-06-15 07:41:35.096988'),
(18, 'kms_app', '0001_initial', '2024-06-15 07:41:36.056442'),
(19, 'sessions', '0001_initial', '2024-06-15 07:41:36.242727');

-- --------------------------------------------------------

--
-- Table structure for table `django_session`
--

CREATE TABLE `django_session` (
  `session_key` varchar(40) NOT NULL,
  `session_data` longtext NOT NULL,
  `expire_date` datetime(6) NOT NULL
) ENGINE=InnoDB DEFAULT CHARSET=utf8mb4 COLLATE=utf8mb4_general_ci;

--
-- Dumping data for table `django_session`
--

INSERT INTO `django_session` (`session_key`, `session_data`, `expire_date`) VALUES
('8zqooqnc0lb67k54k2qsbk2cgrzhw1i5', 'eyJ1cGxvYWRlcl9pZCI6MX0:1sLWyf:PhJEmuxdUUjEh6zjMhuqHyLOj2vdGV1nwpWlV_T9iss', '2024-07-07 23:50:33.118740'),
('hl7m3f3mi9j9pszdl9k7nm0tpjnohleu', 'eyJ1cGxvYWRlcl9pZCI6MX0:1sTDzD:kzuaHtXS0yEtcE6OLAOdnPK4-2PZK_gc9FGFh8FgC9o', '2024-07-29 05:10:55.411056'),
('hpkuib7gjxnd8naauycgrg9rsrol4pkr', 'eyJ1cGxvYWRlcl9pZCI6MX0:1sTtFc:WePcyIIszldEvSMGda6FS2ZWA7FQWl70_B3vuOlyNa4', '2024-07-31 01:14:36.107095'),
('nk7n3i0y9by05eaw7qjlom4skx2zkr29', 'eyJ1cGxvYWRlcl9pZCI6MX0:1sIO44:EsmIWS05ERaluJklyUkdxvQFzDErMnJXxdJmNjblFHc', '2024-06-29 07:43:08.972965'),
('w2oy9ymbuqehkks0jij68ie4xy2ip4l2', 'eyJ1cGxvYWRlcl9pZCI6MX0:1sPDAB:-04lWstCMoMpy6agqHTf7DthawGW3TZ7BFvoycrT7Ic', '2024-07-18 03:29:39.846571');

-- --------------------------------------------------------

--
-- Table structure for table `kms_app_docdetails`
--

CREATE TABLE `kms_app_docdetails` (
  `docdetail_id` int(11) NOT NULL,
  `docdetail` varchar(255) NOT NULL,
  `position` int(11) NOT NULL,
  `document_id` int(11) NOT NULL
) ENGINE=InnoDB DEFAULT CHARSET=utf8mb4 COLLATE=utf8mb4_general_ci;

--
-- Dumping data for table `kms_app_docdetails`
--

INSERT INTO `kms_app_docdetails` (`docdetail_id`, `docdetail`, `position`, `document_id`) VALUES
(1, 'Coffee taste influenced by the miracle of nature, the processing of the cherry into beans that\nwill eventually go to the roaster, and the roasting of coffee', 1, 1),
(2, '\nCoffee production varies', 2, 1),
(3, '\nCoffee producers made 171 million bags of coffee, in 2019 until 2020', 3, 1),
(4, '\nCoffee industry uses bags to measure coffee', 4, 1),
(5, '\nOne bag weighs 132 pounds', 5, 1),
(6, '\n171 million bags equals 22 billion pounds', 6, 1),
(7, '\nThe flowers appear on coffee tree branches', 7, 1),
(8, '\nThe flowers appear after heavy rainy season', 8, 1),
(9, '\nCoffee flowers has a jasmine scent', 9, 1),
(10, '\nCoffee flowers has a striking white color', 10, 1),
(11, '\nMary Williams spoke about seeing the coffee trees', 11, 1),
(12, '\nCarlos Batres comes from El Salvador', 12, 1),
(13, '\nCarlos Batres shared a memory of the aroma of coffee flowers', 13, 1),
(14, '\nFlowers develop into Cherries', 14, 1),
(15, '\nCherries containing two beans', 15, 1),
(16, '\nCherries containing one beans called Peaberry', 16, 1),
(17, '\nPeaberry containing one bean', 17, 1),
(18, '\nPeaberry has rounder shaped', 18, 1),
(19, '\nPeaberry has pea-shaped', 19, 1),
(20, '\nPeaberry may be mixed with regular beans', 20, 1),
(21, '\nCoffee has a harvest calendar', 21, 1),
(22, '\nIndonesia harvests coffee in October', 22, 1),
(23, '\nNorthen DR Congo harvests coffee in October', 23, 1),
(24, '\nColombia harvests coffee in November', 24, 1),
(25, '\nJamaica harvests coffee in November', 25, 1),
(26, '\nIndonesia harvests coffee in November', 26, 1),
(27, '\nYemen harvests coffee in November', 27, 1),
(28, '\nEthiopia harvests coffee in November', 28, 1),
(29, '\nKenya harvests coffee in November', 29, 1),
(30, '\nUganda harvests coffee in November', 30, 1),
(31, '\nCosta Rica harvests coffee in December', 31, 1),
(32, '\nJamaica harvests coffee in December', 32, 1),
(33, '\nMexico harvests coffee in December', 33, 1),
(34, '\nNicaragua harvests coffee in December', 34, 1),
(35, '\nChina harvests coffee in December', 35, 1),
(36, '\nPapua New Guinea harvests coffee in December', 36, 1),
(37, '\nVietnam harvests coffee in December', 37, 1),
(38, '\nEthiopia harvests coffee in December', 38, 1),
(39, '\nUganda harvests coffee in December', 39, 1),
(40, '\nCosta Rica harvests coffee in January', 40, 1),
(41, '\nEl Salvador harvests coffee in January', 41, 1),
(42, '\nGuatemala harvests coffee in January', 42, 1),
(43, '\nCosta Rica harvests coffee in January', 43, 1),
(44, '\nMexico harvests coffee in January', 44, 1),
(45, '\nNicaragua harvests coffee in January', 45, 1),
(46, '\nPanama harvests coffee in January', 46, 1),
(47, '\nChina harvests coffee in January', 47, 1),
(48, '\nEl Salvador harvests coffee in February', 48, 1),
(49, '\nGuatemala harvests coffee in February', 49, 1),
(50, '\nPanama harvests coffee in February', 50, 1),
(51, '\nNorthen Colombia harvests coffee in April', 51, 1),
(52, '\nIndonesia harvests coffee in April', 52, 1),
(53, '\nSouthern DR Congo harvests coffee in April', 53, 1),
(54, '\nEcuador harvests coffee in May', 54, 1),
(55, '\nPapua New Guinea harvests coffee in May', 55, 1),
(56, '\nSouthern DR Congo harvests coffee in May', 56, 1),
(57, '\nSwanda harvests coffee in May', 57, 1),
(58, '\nSouthern Brazil harvests coffee in June', 58, 1),
(59, '\nColombia harvests coffee in June', 59, 1),
(60, '\nEcuador harvests coffee in June', 60, 1),
(61, '\nPapua New Guinea harvests coffee in June', 61, 1),
(62, '\nRwanda harvests coffee in June', 62, 1),
(63, '\nCentral Peru harvests coffee in July', 63, 1),
(64, '\nBrazil harvests coffee in July', 64, 1),
(65, '\nNorthen Peru harvests coffee in August', 65, 1),
(66, '\nTanzania harvests coffee in August', 66, 1),
(67, '\nNorthen Peru harvests coffee in September', 67, 1),
(68, '\nSouthern DR Congo harvests coffee in September', 68, 1),
(69, '\nEthiopia harvests coffee in September', 69, 1),
(70, '\nTanzania harvests coffee in September', 70, 1),
(71, '\nUganda harvests coffee in September', 71, 1),
(72, '\nPickers harvest cherries', 72, 1),
(73, '\nCherries harvest at peak ripeness', 73, 1),
(74, '\nPickers identify the ripe cherries', 74, 1),
(75, '\nPickers pick the ripe cherries', 75, 1),
(76, '\nPickers leaving the less ripe ones for later', 76, 1),
(77, '\nCherry tastes sweet', 77, 1),
(78, '\nCoffee has two main species, namely Arabica and Robusta', 78, 1),
(79, '\nArabica named in the 17th century when it crossed from Ethiopia to Yemen and Arabia', 79, 1),
(80, '\nArabica represents 70 to 75 percent of world coffee production', 80, 1),
(81, '\nArabica known for quality\nArabica known for sweetness\nArabica known for complexity\nArabica known for fruitiness', 81, 1),
(82, '\nRobusta also called Canephora', 82, 1),
(83, '\nRobusta easier to grow', 83, 1),
(84, '\nRobusta is a hardy plant', 84, 1),
(85, '\nRobusta represents 25 to 30 percent of world coffee production', 85, 1),
(86, '\nRobusta tastes harsher', 86, 1),
(87, '\nRobusta less susceptible to insects', 87, 1),
(88, '\nRobusta less susceptible to climate anomalies', 88, 1),
(89, '\nRobusta has a bigger yield per tree per season', 89, 1),
(90, '\nArabica has type Typica', 90, 1),
(91, '\nArabica has type Bourbon', 91, 1),
(92, '\nArabica has type Caturra', 92, 1),
(93, '\nArabica has type Catuai', 93, 1),
(94, '\nTypica definition is the most prominent and is the genetic parent to many of the common\nArabicas', 94, 1),
(95, ' It’s high yield and generally has excellent cup profiles or tastes', 95, 1),
(96, ' Even better, it’s\nquite susceptible to pests and disease', 96, 1),
(97, '\nBourbon definition is a lower-yielding coffee', 97, 1),
(98, ' It’s tougher to grow but has led to subspecies\nlike Caturra', 98, 1),
(99, '\nCaturra definition is a high-yield coffee with a unique compact tree, making management\nand harvesting easier', 99, 1),
(100, '\nCatuai definition is high yield coffee and sturdy with compact trees', 100, 1),
(101, '\nWashed processing uses large quantities of water', 101, 1),
(102, '\nSemi-washed processing uses some water', 102, 1),
(103, '\nNatural processing uses no water', 103, 1),
(104, '\n\"Steps in washed processing:\n1', 104, 1),
(105, ' Collected cherries are fed into a machine called a pulper or depulper', 105, 1),
(106, ' A pulper, or\ndepulper (both terms describe the same machine and are used widely and synonymously),\nremoves the skin, leaving thin layers of fruit/mucilage and the seed', 106, 1),
(107, ' The machine actually\nrips the layers off the underlying stronger layers and seed', 107, 1),
(108, ' Think of the layers of a seeded\ngrape or Bing cherry to get an idea, although the skin and fleshy layers of coffee cherry are\nmuch thinner', 108, 1),
(109, ' The machines can vary a great deal in size and configuration and often large\nfacilities like you might find at a large coffee cooperative mill will have multiple depulpers', 109, 1),
(110, '\nThe smallest facilities are often called micro mills', 110, 1),
(111, ' They’re often part of fully integrated farm\noperations where all steps prior to and after are carried out on an individual farm', 111, 1),
(112, '\n2', 112, 1),
(113, ' After the pulped beans are skinless but with some thin layer of mucilage and the\nparchment skin layer, they’re carried in water channels to a tank where they rest for a time\nsitting in clean water', 113, 1),
(114, ' This fermentation step ensures that the remaining bits of material —\nthe mucilage — are more thoroughly removed', 114, 1),
(115, '\n3', 115, 1),
(116, ' The wet beans are then dried in the sun or in a mechanical dryer; sometimes a\ncombination of a drying patio, table, and the mechanical dryer is used', 116, 1),
(117, ' They must be raked\noften to ensure even drying', 117, 1),
(118, ' Sometimes a mechanical dryer is used', 118, 1),
(119, '\n4', 119, 1),
(120, ' The beans are stored for 6 to 10 weeks', 120, 1),
(121, ' The end result of this processing is also referred\nto as parchment dried because the cherries’ remaining layer on the bean is the parchment\nskin covering the underlying bean', 121, 1),
(122, ' The parchment skin provides a kind of protection or\ncovering, and it remains on the bean for weeks as the beans are stored and rest, reposa in\nSpanish', 122, 1),
(123, ' This parchment will be dry milled off the rested green beans just prior to them\nbeing bagged and shipped', 123, 1),
(124, '\"\n\"Steps in semi-washed processing:\n1', 124, 1),
(125, ' The picked cherries are depulped immediately', 125, 1),
(126, '\n2', 126, 1),
(127, ' The depulped beans are gently rinsed, often by hand in buckets', 127, 1),
(128, '\n3', 128, 1),
(129, ' The beans are then partially dried overnight before they’re transported to a larger facility', 129, 1),
(130, '\n4', 130, 1),
(131, ' The beans, still wet, are hulled, stripping off the parchment layer', 131, 1),
(132, '\n5', 132, 1),
(133, ' The beans are then dried so that they can be stored and later shipped', 133, 1),
(134, '\"\n\"Steps in natural processing:\n1', 134, 1),
(135, 'The cherries go directly from harvesting to drying, and the outer layers aren’t removed until\nthey have been dried out to the consistency of a raisin', 135, 1),
(136, '\n2', 136, 1),
(137, ' The beans are laid out in the sun either on patios or drying tables, and they must be\nmoved frequently to foster even drying', 137, 1),
(138, '\"\n', 138, 1),
(139, '●\nEthiopian coffee benefits are improves blood circulation, supports heart health,\nenhances vascular function, lowers cholesterol levels, reduces the risk of stroke, aids\nin muscle recovery, and promotes gut health', 1, 2),
(140, '\n●\nArabica coffee benefits are boosts metabolism, improves memory, reduces\ninflammation, enhances mood, supports digestion, increases energy, and\nstrengthens the immune system', 2, 2),
(141, '\n●\nRobusta coffee benefits are reduces the risk of diabetes, promotes weight loss,\nenhances cognitive function, improves skin health, supports liver function, prevents\ngallstones, and aids in respiratory health', 3, 2),
(142, '\n●\nColombian coffee benefits are enhances cardiovascular health, supports arterial\nhealth, improves blood circulation, lowers blood pressure, reduces cholesterol levels,\naids in muscle recovery, and promotes gut health', 4, 2),
(143, '\n●\nHawaiian Kona coffee benefits are reduces the risk of heart disease, enhances\ncognitive performance, supports liver health, improves skin elasticity, boosts mood,\naids in weight management, and promotes respiratory health', 5, 2),
(144, '\n●\nYemeni coffee benefits are boosts energy, improves brain function, supports\ncardiovascular health, enhances liver function, promotes digestive health, reduces\nthe risk of diabetes, and strengthens the immune system', 6, 2),
(145, '\n●\nSumatra coffee benefits are supports heart health, improves vascular function,\nenhances blood circulation, reduces the risk of stroke, lowers cholesterol levels, aids\nin muscle recovery, and promotes gut health', 7, 2),
(146, '\n●\nGuatemalan coffee benefits are promotes cardiovascular health, supports arterial\nhealth, enhances blood circulation, lowers blood pressure, reduces cholesterol\nlevels, aids in muscle recovery, and promotes gut health', 8, 2),
(147, '\n●\nBrazilian coffee benefits are lowers cholesterol levels, enhances physical\nperformance, supports kidney function, improves eye health, reduces the risk of\nstroke, aids in muscle recovery, and promotes gut health', 9, 2),
(148, '\n●\nJamaican Blue Mountain coffee benefits are improves blood circulation, supports\nheart health, enhances vascular function, lowers cholesterol levels, reduces the risk\nof stroke, aids in muscle recovery, and promotes gut health', 10, 2),
(149, '\n', 11, 2),
(150, '●\nTurkish coffee benefits are enhances cognitive performance, improves memory,\nreduces inflammation, boosts mood, supports digestion, increases energy, and\nstrengthens the immune system', 1, 3),
(151, '\n●\nKenyan coffee benefits are improves blood circulation, supports heart health,\nenhances vascular function, lowers cholesterol levels, reduces the risk of stroke, aids\nin muscle recovery, and promotes gut health', 2, 3),
(152, '\n●\nVietnamese coffee benefits are reduces the risk of diabetes, promotes weight loss,\nenhances cognitive function, improves skin health, supports liver function, prevents\ngallstones, and aids in respiratory health', 3, 3),
(153, '\n●\nPeruvian coffee benefits are enhances cardiovascular health, supports arterial\nhealth, improves blood circulation, lowers blood pressure, reduces cholesterol levels,\naids in muscle recovery, and promotes gut health', 4, 3),
(154, '\n●\nJavanese coffee benefits are reduces the risk of heart disease, enhances cognitive\nperformance, supports liver health, improves skin elasticity, boosts mood, aids in\nweight management, and promotes respiratory health', 5, 3),
(155, '\n●\nBolivian coffee benefits are boosts energy, improves brain function, supports\ncardiovascular health, enhances liver function, promotes digestive health, reduces\nthe risk of diabetes, and strengthens the immune system', 6, 3),
(156, '\n●\nCosta Rican coffee benefits are supports heart health, improves vascular function,\nenhances blood circulation, reduces the risk of stroke, lowers cholesterol levels, aids\nin muscle recovery, and promotes gut health', 7, 3),
(157, '\n●\nMexican coffee benefits are promotes cardiovascular health, supports arterial health,\nenhances blood circulation, lowers blood pressure, reduces cholesterol levels, aids in\nmuscle recovery, and promotes gut health', 8, 3),
(158, '\n●\nPanamanian coffee benefits are lowers cholesterol levels, enhances physical\nperformance, supports kidney function, improves eye health, reduces the risk of\nstroke, aids in muscle recovery, and promotes gut health', 9, 3),
(159, '\n●\nEcuadorian coffee benefits are improves blood circulation, supports heart health,\nenhances vascular function, lowers cholesterol levels, reduces the risk of stroke, aids\nin muscle recovery, and promotes gut health', 10, 3),
(160, '\n', 11, 3),
(161, '●\nEthiopian Yirgacheffe coffee benefits are improves brain function, enhances cognitive\nperformance, supports liver function, boosts mood, reduces inflammation, improves\nmemory, and supports digestion', 1, 4),
(162, '\n●\nHonduran coffee benefits are enhances cognitive function, lowers blood pressure,\nincreases energy, improves skin health, prevents gallstones, reduces inflammation,\nand supports liver function', 2, 4),
(163, '\n●\nTanzanian Peaberry coffee benefits are boosts mood, improves memory, enhances\ncognitive performance, supports digestion, improves brain function, reduces\ninflammation, and strengthens the immune system', 3, 4),
(164, '\n●\nNicaraguan coffee benefits are supports liver function, enhances cognitive function,\nboosts mood, improves skin health, supports digestion, increases energy, and\nimproves memory', 4, 4),
(165, '\n●\nRwandan coffee benefits are improves brain function, enhances cognitive\nperformance, supports liver function, strengthens the immune system, reduces\ninflammation, improves memory, and boosts mood', 5, 4),
(166, '\n●\nUgandan coffee benefits are enhances cognitive function, boosts mood, improves\nskin health, increases energy, prevents gallstones, reduces inflammation, and\nsupports digestion', 6, 4),
(167, '\n●\nBurundian coffee benefits are improves brain function, supports liver function,\nenhances cognitive performance, boosts mood, strengthens the immune system,\nreduces inflammation, and supports digestion', 7, 4),
(168, '\n●\nPapua New Guinean coffee benefits are enhances cognitive function, improves skin\nhealth, increases energy, boosts mood, supports liver function, reduces inflammation,\nand prevents gallstones', 8, 4),
(169, '\n●\nZimbabwean coffee benefits are improves blood circulation, supports liver function,\nenhances vascular function, lowers cholesterol levels, enhances cognitive function,\naids in muscle recovery, and promotes gut health', 9, 4),
(170, '\n●\nLaotian coffee benefits are improves blood circulation, improves skin health,\nenhances vascular function, lowers cholesterol levels, improves brain function, aids\nin muscle recovery, and promotes gut health', 10, 4),
(171, '\n', 11, 4);

-- --------------------------------------------------------

--
-- Table structure for table `kms_app_documents`
--

CREATE TABLE `kms_app_documents` (
  `document_id` int(11) NOT NULL,
  `document_name` varchar(255) NOT NULL,
  `document_path` varchar(255) NOT NULL
) ENGINE=InnoDB DEFAULT CHARSET=utf8mb4 COLLATE=utf8mb4_general_ci;

--
-- Dumping data for table `kms_app_documents`
--

INSERT INTO `kms_app_documents` (`document_id`, `document_name`, `document_path`) VALUES
(1, 'Chapter dua.pdf', 'kms_app/uploaded_files/Chapter dua.pdf'),
(2, 'benefit part 1.pdf', 'kms_app/uploaded_files/benefit part 1.pdf'),
(3, 'benefit part 2.pdf', 'kms_app/uploaded_files/benefit part 2.pdf'),
(4, 'benefit part 3.pdf', 'kms_app/uploaded_files/benefit part 3.pdf');

-- --------------------------------------------------------

--
-- Table structure for table `kms_app_postinglists`
--

CREATE TABLE `kms_app_postinglists` (
  `postlist_id` int(11) NOT NULL,
  `docdetail_id` int(11) NOT NULL,
  `term` varchar(255) NOT NULL
) ENGINE=InnoDB DEFAULT CHARSET=utf8mb4 COLLATE=utf8mb4_general_ci;

--
-- Dumping data for table `kms_app_postinglists`
--

INSERT INTO `kms_app_postinglists` (`postlist_id`, `docdetail_id`, `term`) VALUES
(1, 1, 'coffee'),
(2, 1, 'taste'),
(3, 1, 'influenced'),
(4, 1, 'miracle'),
(5, 1, 'nature'),
(6, 1, 'processing'),
(7, 1, 'cherry'),
(8, 1, 'beans'),
(9, 1, '\n'),
(10, 1, 'eventually'),
(11, 1, 'roaster'),
(12, 1, 'roasting'),
(13, 1, 'coffee'),
(14, 2, '\n'),
(15, 2, 'coffee'),
(16, 2, 'production'),
(17, 2, 'varies'),
(18, 3, '\n'),
(19, 3, 'coffee'),
(20, 3, 'producers'),
(21, 3, '171'),
(22, 3, 'million'),
(23, 3, 'bags'),
(24, 3, 'coffee'),
(25, 3, '2019'),
(26, 3, '2020'),
(27, 4, '\n'),
(28, 4, 'coffee'),
(29, 4, 'industry'),
(30, 4, 'uses'),
(31, 4, 'bags'),
(32, 4, 'measure'),
(33, 4, 'coffee'),
(34, 5, '\n'),
(35, 5, 'bag'),
(36, 5, 'weighs'),
(37, 5, '132'),
(38, 5, 'pounds'),
(39, 6, '\n'),
(40, 6, '171'),
(41, 6, 'million'),
(42, 6, 'bags'),
(43, 6, 'equals'),
(44, 6, '22'),
(45, 6, 'billion'),
(46, 6, 'pounds'),
(47, 7, '\n'),
(48, 7, 'flowers'),
(49, 7, 'appear'),
(50, 7, 'coffee'),
(51, 7, 'tree'),
(52, 7, 'branches'),
(53, 8, '\n'),
(54, 8, 'flowers'),
(55, 8, 'appear'),
(56, 8, 'heavy'),
(57, 8, 'rainy'),
(58, 8, 'season'),
(59, 9, '\n'),
(60, 9, 'coffee'),
(61, 9, 'flowers'),
(62, 9, 'jasmine'),
(63, 9, 'scent'),
(64, 10, '\n'),
(65, 10, 'coffee'),
(66, 10, 'flowers'),
(67, 10, 'striking'),
(68, 10, 'white'),
(69, 10, 'color'),
(70, 11, '\n'),
(71, 11, 'mary'),
(72, 11, 'williams'),
(73, 11, 'spoke'),
(74, 11, 'seeing'),
(75, 11, 'coffee'),
(76, 11, 'trees'),
(77, 12, '\n'),
(78, 12, 'carlos'),
(79, 12, 'batres'),
(80, 12, 'comes'),
(81, 12, 'el'),
(82, 12, 'salvador'),
(83, 13, '\n'),
(84, 13, 'carlos'),
(85, 13, 'batres'),
(86, 13, 'shared'),
(87, 13, 'memory'),
(88, 13, 'aroma'),
(89, 13, 'coffee'),
(90, 13, 'flowers'),
(91, 14, '\n'),
(92, 14, 'flowers'),
(93, 14, 'develop'),
(94, 14, 'cherries'),
(95, 15, '\n'),
(96, 15, 'cherries'),
(97, 15, 'containing'),
(98, 15, 'beans'),
(99, 16, '\n'),
(100, 16, 'cherries'),
(101, 16, 'containing'),
(102, 16, 'beans'),
(103, 16, 'called'),
(104, 16, 'peaberry'),
(105, 17, '\n'),
(106, 17, 'peaberry'),
(107, 17, 'containing'),
(108, 17, 'bean'),
(109, 18, '\n'),
(110, 18, 'peaberry'),
(111, 18, 'rounder'),
(112, 18, 'shaped'),
(113, 19, '\n'),
(114, 19, 'peaberry'),
(115, 19, 'pea'),
(116, 19, 'shaped'),
(117, 20, '\n'),
(118, 20, 'peaberry'),
(119, 20, 'mixed'),
(120, 20, 'regular'),
(121, 20, 'beans'),
(122, 21, '\n'),
(123, 21, 'coffee'),
(124, 21, 'harvest'),
(125, 21, 'calendar'),
(126, 22, '\n'),
(127, 22, 'indonesia'),
(128, 22, 'harvests'),
(129, 22, 'coffee'),
(130, 22, 'october'),
(131, 23, '\n'),
(132, 23, 'northen'),
(133, 23, 'dr'),
(134, 23, 'congo'),
(135, 23, 'harvests'),
(136, 23, 'coffee'),
(137, 23, 'october'),
(138, 24, '\n'),
(139, 24, 'colombia'),
(140, 24, 'harvests'),
(141, 24, 'coffee'),
(142, 24, 'november'),
(143, 25, '\n'),
(144, 25, 'jamaica'),
(145, 25, 'harvests'),
(146, 25, 'coffee'),
(147, 25, 'november'),
(148, 26, '\n'),
(149, 26, 'indonesia'),
(150, 26, 'harvests'),
(151, 26, 'coffee'),
(152, 26, 'november'),
(153, 27, '\n'),
(154, 27, 'yemen'),
(155, 27, 'harvests'),
(156, 27, 'coffee'),
(157, 27, 'november'),
(158, 28, '\n'),
(159, 28, 'ethiopia'),
(160, 28, 'harvests'),
(161, 28, 'coffee'),
(162, 28, 'november'),
(163, 29, '\n'),
(164, 29, 'kenya'),
(165, 29, 'harvests'),
(166, 29, 'coffee'),
(167, 29, 'november'),
(168, 30, '\n'),
(169, 30, 'uganda'),
(170, 30, 'harvests'),
(171, 30, 'coffee'),
(172, 30, 'november'),
(173, 31, '\n'),
(174, 31, 'costa'),
(175, 31, 'rica'),
(176, 31, 'harvests'),
(177, 31, 'coffee'),
(178, 31, 'december'),
(179, 32, '\n'),
(180, 32, 'jamaica'),
(181, 32, 'harvests'),
(182, 32, 'coffee'),
(183, 32, 'december'),
(184, 33, '\n'),
(185, 33, 'mexico'),
(186, 33, 'harvests'),
(187, 33, 'coffee'),
(188, 33, 'december'),
(189, 34, '\n'),
(190, 34, 'nicaragua'),
(191, 34, 'harvests'),
(192, 34, 'coffee'),
(193, 34, 'december'),
(194, 35, '\n'),
(195, 35, 'china'),
(196, 35, 'harvests'),
(197, 35, 'coffee'),
(198, 35, 'december'),
(199, 36, '\n'),
(200, 36, 'papua'),
(201, 36, 'new'),
(202, 36, 'guinea'),
(203, 36, 'harvests'),
(204, 36, 'coffee'),
(205, 36, 'december'),
(206, 37, '\n'),
(207, 37, 'vietnam'),
(208, 37, 'harvests'),
(209, 37, 'coffee'),
(210, 37, 'december'),
(211, 38, '\n'),
(212, 38, 'ethiopia'),
(213, 38, 'harvests'),
(214, 38, 'coffee'),
(215, 38, 'december'),
(216, 39, '\n'),
(217, 39, 'uganda'),
(218, 39, 'harvests'),
(219, 39, 'coffee'),
(220, 39, 'december'),
(221, 40, '\n'),
(222, 40, 'costa'),
(223, 40, 'rica'),
(224, 40, 'harvests'),
(225, 40, 'coffee'),
(226, 40, 'january'),
(227, 41, '\n'),
(228, 41, 'el'),
(229, 41, 'salvador'),
(230, 41, 'harvests'),
(231, 41, 'coffee'),
(232, 41, 'january'),
(233, 42, '\n'),
(234, 42, 'guatemala'),
(235, 42, 'harvests'),
(236, 42, 'coffee'),
(237, 42, 'january'),
(238, 43, '\n'),
(239, 43, 'costa'),
(240, 43, 'rica'),
(241, 43, 'harvests'),
(242, 43, 'coffee'),
(243, 43, 'january'),
(244, 44, '\n'),
(245, 44, 'mexico'),
(246, 44, 'harvests'),
(247, 44, 'coffee'),
(248, 44, 'january'),
(249, 45, '\n'),
(250, 45, 'nicaragua'),
(251, 45, 'harvests'),
(252, 45, 'coffee'),
(253, 45, 'january'),
(254, 46, '\n'),
(255, 46, 'panama'),
(256, 46, 'harvests'),
(257, 46, 'coffee'),
(258, 46, 'january'),
(259, 47, '\n'),
(260, 47, 'china'),
(261, 47, 'harvests'),
(262, 47, 'coffee'),
(263, 47, 'january'),
(264, 48, '\n'),
(265, 48, 'el'),
(266, 48, 'salvador'),
(267, 48, 'harvests'),
(268, 48, 'coffee'),
(269, 48, 'february'),
(270, 49, '\n'),
(271, 49, 'guatemala'),
(272, 49, 'harvests'),
(273, 49, 'coffee'),
(274, 49, 'february'),
(275, 50, '\n'),
(276, 50, 'panama'),
(277, 50, 'harvests'),
(278, 50, 'coffee'),
(279, 50, 'february'),
(280, 51, '\n'),
(281, 51, 'northen'),
(282, 51, 'colombia'),
(283, 51, 'harvests'),
(284, 51, 'coffee'),
(285, 51, 'april'),
(286, 52, '\n'),
(287, 52, 'indonesia'),
(288, 52, 'harvests'),
(289, 52, 'coffee'),
(290, 52, 'april'),
(291, 53, '\n'),
(292, 53, 'southern'),
(293, 53, 'dr'),
(294, 53, 'congo'),
(295, 53, 'harvests'),
(296, 53, 'coffee'),
(297, 53, 'april'),
(298, 54, '\n'),
(299, 54, 'ecuador'),
(300, 54, 'harvests'),
(301, 54, 'coffee'),
(302, 55, '\n'),
(303, 55, 'papua'),
(304, 55, 'new'),
(305, 55, 'guinea'),
(306, 55, 'harvests'),
(307, 55, 'coffee'),
(308, 56, '\n'),
(309, 56, 'southern'),
(310, 56, 'dr'),
(311, 56, 'congo'),
(312, 56, 'harvests'),
(313, 56, 'coffee'),
(314, 57, '\n'),
(315, 57, 'swanda'),
(316, 57, 'harvests'),
(317, 57, 'coffee'),
(318, 58, '\n'),
(319, 58, 'southern'),
(320, 58, 'brazil'),
(321, 58, 'harvests'),
(322, 58, 'coffee'),
(323, 58, 'june'),
(324, 59, '\n'),
(325, 59, 'colombia'),
(326, 59, 'harvests'),
(327, 59, 'coffee'),
(328, 59, 'june'),
(329, 60, '\n'),
(330, 60, 'ecuador'),
(331, 60, 'harvests'),
(332, 60, 'coffee'),
(333, 60, 'june'),
(334, 61, '\n'),
(335, 61, 'papua'),
(336, 61, 'new'),
(337, 61, 'guinea'),
(338, 61, 'harvests'),
(339, 61, 'coffee'),
(340, 61, 'june'),
(341, 62, '\n'),
(342, 62, 'rwanda'),
(343, 62, 'harvests'),
(344, 62, 'coffee'),
(345, 62, 'june'),
(346, 63, '\n'),
(347, 63, 'central'),
(348, 63, 'peru'),
(349, 63, 'harvests'),
(350, 63, 'coffee'),
(351, 63, 'july'),
(352, 64, '\n'),
(353, 64, 'brazil'),
(354, 64, 'harvests'),
(355, 64, 'coffee'),
(356, 64, 'july'),
(357, 65, '\n'),
(358, 65, 'northen'),
(359, 65, 'peru'),
(360, 65, 'harvests'),
(361, 65, 'coffee'),
(362, 65, 'august'),
(363, 66, '\n'),
(364, 66, 'tanzania'),
(365, 66, 'harvests'),
(366, 66, 'coffee'),
(367, 66, 'august'),
(368, 67, '\n'),
(369, 67, 'northen'),
(370, 67, 'peru'),
(371, 67, 'harvests'),
(372, 67, 'coffee'),
(373, 67, 'september'),
(374, 68, '\n'),
(375, 68, 'southern'),
(376, 68, 'dr'),
(377, 68, 'congo'),
(378, 68, 'harvests'),
(379, 68, 'coffee'),
(380, 68, 'september'),
(381, 69, '\n'),
(382, 69, 'ethiopia'),
(383, 69, 'harvests'),
(384, 69, 'coffee'),
(385, 69, 'september'),
(386, 70, '\n'),
(387, 70, 'tanzania'),
(388, 70, 'harvests'),
(389, 70, 'coffee'),
(390, 70, 'september'),
(391, 71, '\n'),
(392, 71, 'uganda'),
(393, 71, 'harvests'),
(394, 71, 'coffee'),
(395, 71, 'september'),
(396, 72, '\n'),
(397, 72, 'pickers'),
(398, 72, 'harvest'),
(399, 72, 'cherries'),
(400, 73, '\n'),
(401, 73, 'cherries'),
(402, 73, 'harvest'),
(403, 73, 'peak'),
(404, 73, 'ripeness'),
(405, 74, '\n'),
(406, 74, 'pickers'),
(407, 74, 'identify'),
(408, 74, 'ripe'),
(409, 74, 'cherries'),
(410, 75, '\n'),
(411, 75, 'pickers'),
(412, 75, 'pick'),
(413, 75, 'ripe'),
(414, 75, 'cherries'),
(415, 76, '\n'),
(416, 76, 'pickers'),
(417, 76, 'leaving'),
(418, 76, 'ripe'),
(419, 76, 'ones'),
(420, 76, 'later'),
(421, 77, '\n'),
(422, 77, 'cherry'),
(423, 77, 'tastes'),
(424, 77, 'sweet'),
(425, 78, '\n'),
(426, 78, 'coffee'),
(427, 78, 'main'),
(428, 78, 'species'),
(429, 78, 'arabica'),
(430, 78, 'robusta'),
(431, 79, '\n'),
(432, 79, 'arabica'),
(433, 79, 'named'),
(434, 79, '17th'),
(435, 79, 'century'),
(436, 79, 'crossed'),
(437, 79, 'ethiopia'),
(438, 79, 'yemen'),
(439, 79, 'arabia'),
(440, 80, '\n'),
(441, 80, 'arabica'),
(442, 80, 'represents'),
(443, 80, '70'),
(444, 80, '75'),
(445, 80, 'percent'),
(446, 80, 'world'),
(447, 80, 'coffee'),
(448, 80, 'production'),
(449, 81, '\n'),
(450, 81, 'arabica'),
(451, 81, 'known'),
(452, 81, 'quality'),
(453, 81, '\n'),
(454, 81, 'arabica'),
(455, 81, 'known'),
(456, 81, 'sweetness'),
(457, 81, '\n'),
(458, 81, 'arabica'),
(459, 81, 'known'),
(460, 81, 'complexity'),
(461, 81, '\n'),
(462, 81, 'arabica'),
(463, 81, 'known'),
(464, 81, 'fruitiness'),
(465, 82, '\n'),
(466, 82, 'robusta'),
(467, 82, 'called'),
(468, 82, 'canephora'),
(469, 83, '\n'),
(470, 83, 'robusta'),
(471, 83, 'easier'),
(472, 83, 'grow'),
(473, 84, '\n'),
(474, 84, 'robusta'),
(475, 84, 'hardy'),
(476, 84, 'plant'),
(477, 85, '\n'),
(478, 85, 'robusta'),
(479, 85, 'represents'),
(480, 85, '25'),
(481, 85, '30'),
(482, 85, 'percent'),
(483, 85, 'world'),
(484, 85, 'coffee'),
(485, 85, 'production'),
(486, 86, '\n'),
(487, 86, 'robusta'),
(488, 86, 'tastes'),
(489, 86, 'harsher'),
(490, 87, '\n'),
(491, 87, 'robusta'),
(492, 87, 'susceptible'),
(493, 87, 'insects'),
(494, 88, '\n'),
(495, 88, 'robusta'),
(496, 88, 'susceptible'),
(497, 88, 'climate'),
(498, 88, 'anomalies'),
(499, 89, '\n'),
(500, 89, 'robusta'),
(501, 89, 'bigger'),
(502, 89, 'yield'),
(503, 89, 'tree'),
(504, 89, 'season'),
(505, 90, '\n'),
(506, 90, 'arabica'),
(507, 90, 'type'),
(508, 90, 'typica'),
(509, 91, '\n'),
(510, 91, 'arabica'),
(511, 91, 'type'),
(512, 91, 'bourbon'),
(513, 92, '\n'),
(514, 92, 'arabica'),
(515, 92, 'type'),
(516, 92, 'caturra'),
(517, 93, '\n'),
(518, 93, 'arabica'),
(519, 93, 'type'),
(520, 93, 'catuai'),
(521, 94, '\n'),
(522, 94, 'typica'),
(523, 94, 'definition'),
(524, 94, 'prominent'),
(525, 94, 'genetic'),
(526, 94, 'parent'),
(527, 94, 'common'),
(528, 94, '\n'),
(529, 94, 'arabicas'),
(530, 95, ' '),
(531, 95, 'high'),
(532, 95, 'yield'),
(533, 95, 'generally'),
(534, 95, 'excellent'),
(535, 95, 'cup'),
(536, 95, 'profiles'),
(537, 95, 'tastes'),
(538, 96, ' '),
(539, 96, 'better'),
(540, 96, '\n'),
(541, 96, 'susceptible'),
(542, 96, 'pests'),
(543, 96, 'disease'),
(544, 97, '\n'),
(545, 97, 'bourbon'),
(546, 97, 'definition'),
(547, 97, 'lower'),
(548, 97, 'yielding'),
(549, 97, 'coffee'),
(550, 98, ' '),
(551, 98, 'tougher'),
(552, 98, 'grow'),
(553, 98, 'led'),
(554, 98, 'subspecies'),
(555, 98, '\n'),
(556, 98, 'like'),
(557, 98, 'caturra'),
(558, 99, '\n'),
(559, 99, 'caturra'),
(560, 99, 'definition'),
(561, 99, 'high'),
(562, 99, 'yield'),
(563, 99, 'coffee'),
(564, 99, 'unique'),
(565, 99, 'compact'),
(566, 99, 'tree'),
(567, 99, 'making'),
(568, 99, 'management'),
(569, 99, '\n'),
(570, 99, 'harvesting'),
(571, 99, 'easier'),
(572, 100, '\n'),
(573, 100, 'catuai'),
(574, 100, 'definition'),
(575, 100, 'high'),
(576, 100, 'yield'),
(577, 100, 'coffee'),
(578, 100, 'sturdy'),
(579, 100, 'compact'),
(580, 100, 'trees'),
(581, 101, '\n'),
(582, 101, 'washed'),
(583, 101, 'processing'),
(584, 101, 'uses'),
(585, 101, 'large'),
(586, 101, 'quantities'),
(587, 101, 'water'),
(588, 102, '\n'),
(589, 102, 'semi'),
(590, 102, 'washed'),
(591, 102, 'processing'),
(592, 102, 'uses'),
(593, 102, 'water'),
(594, 103, '\n'),
(595, 103, 'natural'),
(596, 103, 'processing'),
(597, 103, 'uses'),
(598, 103, 'water'),
(599, 104, '\n'),
(600, 104, 'steps'),
(601, 104, 'washed'),
(602, 104, 'processing'),
(603, 104, '\n'),
(604, 104, '1'),
(605, 105, ' '),
(606, 105, 'collected'),
(607, 105, 'cherries'),
(608, 105, 'fed'),
(609, 105, 'machine'),
(610, 105, 'called'),
(611, 105, 'pulper'),
(612, 105, 'depulper'),
(613, 106, ' '),
(614, 106, 'pulper'),
(615, 106, '\n'),
(616, 106, 'depulper'),
(617, 106, 'terms'),
(618, 106, 'describe'),
(619, 106, 'machine'),
(620, 106, 'widely'),
(621, 106, 'synonymously'),
(622, 106, '\n'),
(623, 106, 'removes'),
(624, 106, 'skin'),
(625, 106, 'leaving'),
(626, 106, 'thin'),
(627, 106, 'layers'),
(628, 106, 'fruit'),
(629, 106, 'mucilage'),
(630, 106, 'seed'),
(631, 107, ' '),
(632, 107, 'machine'),
(633, 107, 'actually'),
(634, 107, '\n'),
(635, 107, 'rips'),
(636, 107, 'layers'),
(637, 107, 'underlying'),
(638, 107, 'stronger'),
(639, 107, 'layers'),
(640, 107, 'seed'),
(641, 108, ' '),
(642, 108, 'think'),
(643, 108, 'layers'),
(644, 108, 'seeded'),
(645, 108, '\n'),
(646, 108, 'grape'),
(647, 108, 'bing'),
(648, 108, 'cherry'),
(649, 108, 'idea'),
(650, 108, 'skin'),
(651, 108, 'fleshy'),
(652, 108, 'layers'),
(653, 108, 'coffee'),
(654, 108, 'cherry'),
(655, 108, '\n'),
(656, 108, 'thinner'),
(657, 109, ' '),
(658, 109, 'machines'),
(659, 109, 'vary'),
(660, 109, 'great'),
(661, 109, 'deal'),
(662, 109, 'size'),
(663, 109, 'configuration'),
(664, 109, 'large'),
(665, 109, '\n'),
(666, 109, 'facilities'),
(667, 109, 'like'),
(668, 109, 'find'),
(669, 109, 'large'),
(670, 109, 'coffee'),
(671, 109, 'cooperative'),
(672, 109, 'mill'),
(673, 109, 'multiple'),
(674, 109, 'depulpers'),
(675, 110, '\n'),
(676, 110, 'smallest'),
(677, 110, 'facilities'),
(678, 110, 'called'),
(679, 110, 'micro'),
(680, 110, 'mills'),
(681, 111, ' '),
(682, 111, 'fully'),
(683, 111, 'integrated'),
(684, 111, 'farm'),
(685, 111, '\n'),
(686, 111, 'operations'),
(687, 111, 'steps'),
(688, 111, 'prior'),
(689, 111, 'carried'),
(690, 111, 'individual'),
(691, 111, 'farm'),
(692, 112, '\n'),
(693, 112, '2'),
(694, 113, ' '),
(695, 113, 'pulped'),
(696, 113, 'beans'),
(697, 113, 'skinless'),
(698, 113, 'thin'),
(699, 113, 'layer'),
(700, 113, 'mucilage'),
(701, 113, '\n'),
(702, 113, 'parchment'),
(703, 113, 'skin'),
(704, 113, 'layer'),
(705, 113, 'carried'),
(706, 113, 'water'),
(707, 113, 'channels'),
(708, 113, 'tank'),
(709, 113, 'rest'),
(710, 113, 'time'),
(711, 113, '\n'),
(712, 113, 'sitting'),
(713, 113, 'clean'),
(714, 113, 'water'),
(715, 114, ' '),
(716, 114, 'fermentation'),
(717, 114, 'step'),
(718, 114, 'ensures'),
(719, 114, 'remaining'),
(720, 114, 'bits'),
(721, 114, 'material'),
(722, 114, '\n'),
(723, 114, 'mucilage'),
(724, 114, 'thoroughly'),
(725, 114, 'removed'),
(726, 115, '\n'),
(727, 115, '3'),
(728, 116, ' '),
(729, 116, 'wet'),
(730, 116, 'beans'),
(731, 116, 'dried'),
(732, 116, 'sun'),
(733, 116, 'mechanical'),
(734, 116, 'dryer'),
(735, 116, '\n'),
(736, 116, 'combination'),
(737, 116, 'drying'),
(738, 116, 'patio'),
(739, 116, 'table'),
(740, 116, 'mechanical'),
(741, 116, 'dryer'),
(742, 117, ' '),
(743, 117, 'raked'),
(744, 117, '\n'),
(745, 117, 'ensure'),
(746, 117, 'drying'),
(747, 118, ' '),
(748, 118, 'mechanical'),
(749, 118, 'dryer'),
(750, 119, '\n'),
(751, 119, '4'),
(752, 120, ' '),
(753, 120, 'beans'),
(754, 120, 'stored'),
(755, 120, '6'),
(756, 120, '10'),
(757, 120, 'weeks'),
(758, 121, ' '),
(759, 121, 'end'),
(760, 121, 'result'),
(761, 121, 'processing'),
(762, 121, 'referred'),
(763, 121, '\n'),
(764, 121, 'parchment'),
(765, 121, 'dried'),
(766, 121, 'cherries'),
(767, 121, 'remaining'),
(768, 121, 'layer'),
(769, 121, 'bean'),
(770, 121, 'parchment'),
(771, 121, '\n'),
(772, 121, 'skin'),
(773, 121, 'covering'),
(774, 121, 'underlying'),
(775, 121, 'bean'),
(776, 122, ' '),
(777, 122, 'parchment'),
(778, 122, 'skin'),
(779, 122, 'provides'),
(780, 122, 'kind'),
(781, 122, 'protection'),
(782, 122, '\n'),
(783, 122, 'covering'),
(784, 122, 'remains'),
(785, 122, 'bean'),
(786, 122, 'weeks'),
(787, 122, 'beans'),
(788, 122, 'stored'),
(789, 122, 'rest'),
(790, 122, 'reposa'),
(791, 122, '\n'),
(792, 122, 'spanish'),
(793, 123, ' '),
(794, 123, 'parchment'),
(795, 123, 'dry'),
(796, 123, 'milled'),
(797, 123, 'rested'),
(798, 123, 'green'),
(799, 123, 'beans'),
(800, 123, 'prior'),
(801, 123, '\n'),
(802, 123, 'bagged'),
(803, 123, 'shipped'),
(804, 124, '\n'),
(805, 124, 'steps'),
(806, 124, 'semi'),
(807, 124, 'washed'),
(808, 124, 'processing'),
(809, 124, '\n'),
(810, 124, '1'),
(811, 125, ' '),
(812, 125, 'picked'),
(813, 125, 'cherries'),
(814, 125, 'depulped'),
(815, 125, 'immediately'),
(816, 126, '\n'),
(817, 126, '2'),
(818, 127, ' '),
(819, 127, 'depulped'),
(820, 127, 'beans'),
(821, 127, 'gently'),
(822, 127, 'rinsed'),
(823, 127, 'hand'),
(824, 127, 'buckets'),
(825, 128, '\n'),
(826, 128, '3'),
(827, 129, ' '),
(828, 129, 'beans'),
(829, 129, 'partially'),
(830, 129, 'dried'),
(831, 129, 'overnight'),
(832, 129, 'transported'),
(833, 129, 'larger'),
(834, 129, 'facility'),
(835, 130, '\n'),
(836, 130, '4'),
(837, 131, ' '),
(838, 131, 'beans'),
(839, 131, 'wet'),
(840, 131, 'hulled'),
(841, 131, 'stripping'),
(842, 131, 'parchment'),
(843, 131, 'layer'),
(844, 132, '\n'),
(845, 132, '5'),
(846, 133, ' '),
(847, 133, 'beans'),
(848, 133, 'dried'),
(849, 133, 'stored'),
(850, 133, 'later'),
(851, 133, 'shipped'),
(852, 134, '\n'),
(853, 134, 'steps'),
(854, 134, 'natural'),
(855, 134, 'processing'),
(856, 134, '\n'),
(857, 134, '1'),
(858, 135, 'cherries'),
(859, 135, 'directly'),
(860, 135, 'harvesting'),
(861, 135, 'drying'),
(862, 135, 'outer'),
(863, 135, 'layers'),
(864, 135, 'removed'),
(865, 135, '\n'),
(866, 135, 'dried'),
(867, 135, 'consistency'),
(868, 135, 'raisin'),
(869, 136, '\n'),
(870, 136, '2'),
(871, 137, ' '),
(872, 137, 'beans'),
(873, 137, 'laid'),
(874, 137, 'sun'),
(875, 137, 'patios'),
(876, 137, 'drying'),
(877, 137, 'tables'),
(878, 137, '\n'),
(879, 137, 'moved'),
(880, 137, 'frequently'),
(881, 137, 'foster'),
(882, 137, 'drying'),
(883, 138, '\n'),
(884, 139, '●'),
(885, 139, '\n'),
(886, 139, 'ethiopian'),
(887, 139, 'coffee'),
(888, 139, 'benefits'),
(889, 139, 'improves'),
(890, 139, 'blood'),
(891, 139, 'circulation'),
(892, 139, 'supports'),
(893, 139, 'heart'),
(894, 139, 'health'),
(895, 139, '\n'),
(896, 139, 'enhances'),
(897, 139, 'vascular'),
(898, 139, 'function'),
(899, 139, 'lowers'),
(900, 139, 'cholesterol'),
(901, 139, 'levels'),
(902, 139, 'reduces'),
(903, 139, 'risk'),
(904, 139, 'stroke'),
(905, 139, 'aids'),
(906, 139, '\n'),
(907, 139, 'muscle'),
(908, 139, 'recovery'),
(909, 139, 'promotes'),
(910, 139, 'gut'),
(911, 139, 'health'),
(912, 140, '\n'),
(913, 140, '●'),
(914, 140, '\n'),
(915, 140, 'arabica'),
(916, 140, 'coffee'),
(917, 140, 'benefits'),
(918, 140, 'boosts'),
(919, 140, 'metabolism'),
(920, 140, 'improves'),
(921, 140, 'memory'),
(922, 140, 'reduces'),
(923, 140, '\n'),
(924, 140, 'inflammation'),
(925, 140, 'enhances'),
(926, 140, 'mood'),
(927, 140, 'supports'),
(928, 140, 'digestion'),
(929, 140, 'increases'),
(930, 140, 'energy'),
(931, 140, '\n'),
(932, 140, 'strengthens'),
(933, 140, 'immune'),
(934, 140, 'system'),
(935, 141, '\n'),
(936, 141, '●'),
(937, 141, '\n'),
(938, 141, 'robusta'),
(939, 141, 'coffee'),
(940, 141, 'benefits'),
(941, 141, 'reduces'),
(942, 141, 'risk'),
(943, 141, 'diabetes'),
(944, 141, 'promotes'),
(945, 141, 'weight'),
(946, 141, 'loss'),
(947, 141, '\n'),
(948, 141, 'enhances'),
(949, 141, 'cognitive'),
(950, 141, 'function'),
(951, 141, 'improves'),
(952, 141, 'skin'),
(953, 141, 'health'),
(954, 141, 'supports'),
(955, 141, 'liver'),
(956, 141, 'function'),
(957, 141, 'prevents'),
(958, 141, '\n'),
(959, 141, 'gallstones'),
(960, 141, 'aids'),
(961, 141, 'respiratory'),
(962, 141, 'health'),
(963, 142, '\n'),
(964, 142, '●'),
(965, 142, '\n'),
(966, 142, 'colombian'),
(967, 142, 'coffee'),
(968, 142, 'benefits'),
(969, 142, 'enhances'),
(970, 142, 'cardiovascular'),
(971, 142, 'health'),
(972, 142, 'supports'),
(973, 142, 'arterial'),
(974, 142, '\n'),
(975, 142, 'health'),
(976, 142, 'improves'),
(977, 142, 'blood'),
(978, 142, 'circulation'),
(979, 142, 'lowers'),
(980, 142, 'blood'),
(981, 142, 'pressure'),
(982, 142, 'reduces'),
(983, 142, 'cholesterol'),
(984, 142, 'levels'),
(985, 142, '\n'),
(986, 142, 'aids'),
(987, 142, 'muscle'),
(988, 142, 'recovery'),
(989, 142, 'promotes'),
(990, 142, 'gut'),
(991, 142, 'health'),
(992, 143, '\n'),
(993, 143, '●'),
(994, 143, '\n'),
(995, 143, 'hawaiian'),
(996, 143, 'kona'),
(997, 143, 'coffee'),
(998, 143, 'benefits'),
(999, 143, 'reduces'),
(1000, 143, 'risk'),
(1001, 143, 'heart'),
(1002, 143, 'disease'),
(1003, 143, 'enhances'),
(1004, 143, '\n'),
(1005, 143, 'cognitive'),
(1006, 143, 'performance'),
(1007, 143, 'supports'),
(1008, 143, 'liver'),
(1009, 143, 'health'),
(1010, 143, 'improves'),
(1011, 143, 'skin'),
(1012, 143, 'elasticity'),
(1013, 143, 'boosts'),
(1014, 143, 'mood'),
(1015, 143, '\n'),
(1016, 143, 'aids'),
(1017, 143, 'weight'),
(1018, 143, 'management'),
(1019, 143, 'promotes'),
(1020, 143, 'respiratory'),
(1021, 143, 'health'),
(1022, 144, '\n'),
(1023, 144, '●'),
(1024, 144, '\n'),
(1025, 144, 'yemeni'),
(1026, 144, 'coffee'),
(1027, 144, 'benefits'),
(1028, 144, 'boosts'),
(1029, 144, 'energy'),
(1030, 144, 'improves'),
(1031, 144, 'brain'),
(1032, 144, 'function'),
(1033, 144, 'supports'),
(1034, 144, '\n'),
(1035, 144, 'cardiovascular'),
(1036, 144, 'health'),
(1037, 144, 'enhances'),
(1038, 144, 'liver'),
(1039, 144, 'function'),
(1040, 144, 'promotes'),
(1041, 144, 'digestive'),
(1042, 144, 'health'),
(1043, 144, 'reduces'),
(1044, 144, '\n'),
(1045, 144, 'risk'),
(1046, 144, 'diabetes'),
(1047, 144, 'strengthens'),
(1048, 144, 'immune'),
(1049, 144, 'system'),
(1050, 145, '\n'),
(1051, 145, '●'),
(1052, 145, '\n'),
(1053, 145, 'sumatra'),
(1054, 145, 'coffee'),
(1055, 145, 'benefits'),
(1056, 145, 'supports'),
(1057, 145, 'heart'),
(1058, 145, 'health'),
(1059, 145, 'improves'),
(1060, 145, 'vascular'),
(1061, 145, 'function'),
(1062, 145, '\n'),
(1063, 145, 'enhances'),
(1064, 145, 'blood'),
(1065, 145, 'circulation'),
(1066, 145, 'reduces'),
(1067, 145, 'risk'),
(1068, 145, 'stroke'),
(1069, 145, 'lowers'),
(1070, 145, 'cholesterol'),
(1071, 145, 'levels'),
(1072, 145, 'aids'),
(1073, 145, '\n'),
(1074, 145, 'muscle'),
(1075, 145, 'recovery'),
(1076, 145, 'promotes'),
(1077, 145, 'gut'),
(1078, 145, 'health'),
(1079, 146, '\n'),
(1080, 146, '●'),
(1081, 146, '\n'),
(1082, 146, 'guatemalan'),
(1083, 146, 'coffee'),
(1084, 146, 'benefits'),
(1085, 146, 'promotes'),
(1086, 146, 'cardiovascular'),
(1087, 146, 'health'),
(1088, 146, 'supports'),
(1089, 146, 'arterial'),
(1090, 146, '\n'),
(1091, 146, 'health'),
(1092, 146, 'enhances'),
(1093, 146, 'blood'),
(1094, 146, 'circulation'),
(1095, 146, 'lowers'),
(1096, 146, 'blood'),
(1097, 146, 'pressure'),
(1098, 146, 'reduces'),
(1099, 146, 'cholesterol'),
(1100, 146, '\n'),
(1101, 146, 'levels'),
(1102, 146, 'aids'),
(1103, 146, 'muscle'),
(1104, 146, 'recovery'),
(1105, 146, 'promotes'),
(1106, 146, 'gut'),
(1107, 146, 'health'),
(1108, 147, '\n'),
(1109, 147, '●'),
(1110, 147, '\n'),
(1111, 147, 'brazilian'),
(1112, 147, 'coffee'),
(1113, 147, 'benefits'),
(1114, 147, 'lowers'),
(1115, 147, 'cholesterol'),
(1116, 147, 'levels'),
(1117, 147, 'enhances'),
(1118, 147, 'physical'),
(1119, 147, '\n'),
(1120, 147, 'performance'),
(1121, 147, 'supports'),
(1122, 147, 'kidney'),
(1123, 147, 'function'),
(1124, 147, 'improves'),
(1125, 147, 'eye'),
(1126, 147, 'health'),
(1127, 147, 'reduces'),
(1128, 147, 'risk'),
(1129, 147, '\n'),
(1130, 147, 'stroke'),
(1131, 147, 'aids'),
(1132, 147, 'muscle'),
(1133, 147, 'recovery'),
(1134, 147, 'promotes'),
(1135, 147, 'gut'),
(1136, 147, 'health'),
(1137, 148, '\n'),
(1138, 148, '●'),
(1139, 148, '\n'),
(1140, 148, 'jamaican'),
(1141, 148, 'blue'),
(1142, 148, 'mountain'),
(1143, 148, 'coffee'),
(1144, 148, 'benefits'),
(1145, 148, 'improves'),
(1146, 148, 'blood'),
(1147, 148, 'circulation'),
(1148, 148, 'supports'),
(1149, 148, '\n'),
(1150, 148, 'heart'),
(1151, 148, 'health'),
(1152, 148, 'enhances'),
(1153, 148, 'vascular'),
(1154, 148, 'function'),
(1155, 148, 'lowers'),
(1156, 148, 'cholesterol'),
(1157, 148, 'levels'),
(1158, 148, 'reduces'),
(1159, 148, 'risk'),
(1160, 148, '\n'),
(1161, 148, 'stroke'),
(1162, 148, 'aids'),
(1163, 148, 'muscle'),
(1164, 148, 'recovery'),
(1165, 148, 'promotes'),
(1166, 148, 'gut'),
(1167, 148, 'health'),
(1168, 149, '\n'),
(1169, 150, '●'),
(1170, 150, '\n'),
(1171, 150, 'turkish'),
(1172, 150, 'coffee'),
(1173, 150, 'benefits'),
(1174, 150, 'enhances'),
(1175, 150, 'cognitive'),
(1176, 150, 'performance'),
(1177, 150, 'improves'),
(1178, 150, 'memory'),
(1179, 150, '\n'),
(1180, 150, 'reduces'),
(1181, 150, 'inflammation'),
(1182, 150, 'boosts'),
(1183, 150, 'mood'),
(1184, 150, 'supports'),
(1185, 150, 'digestion'),
(1186, 150, 'increases'),
(1187, 150, 'energy'),
(1188, 150, '\n'),
(1189, 150, 'strengthens'),
(1190, 150, 'immune'),
(1191, 150, 'system'),
(1192, 151, '\n'),
(1193, 151, '●'),
(1194, 151, '\n'),
(1195, 151, 'kenyan'),
(1196, 151, 'coffee'),
(1197, 151, 'benefits'),
(1198, 151, 'improves'),
(1199, 151, 'blood'),
(1200, 151, 'circulation'),
(1201, 151, 'supports'),
(1202, 151, 'heart'),
(1203, 151, 'health'),
(1204, 151, '\n'),
(1205, 151, 'enhances'),
(1206, 151, 'vascular'),
(1207, 151, 'function'),
(1208, 151, 'lowers'),
(1209, 151, 'cholesterol'),
(1210, 151, 'levels'),
(1211, 151, 'reduces'),
(1212, 151, 'risk'),
(1213, 151, 'stroke'),
(1214, 151, 'aids'),
(1215, 151, '\n'),
(1216, 151, 'muscle'),
(1217, 151, 'recovery'),
(1218, 151, 'promotes'),
(1219, 151, 'gut'),
(1220, 151, 'health'),
(1221, 152, '\n'),
(1222, 152, '●'),
(1223, 152, '\n'),
(1224, 152, 'vietnamese'),
(1225, 152, 'coffee'),
(1226, 152, 'benefits'),
(1227, 152, 'reduces'),
(1228, 152, 'risk'),
(1229, 152, 'diabetes'),
(1230, 152, 'promotes'),
(1231, 152, 'weight'),
(1232, 152, 'loss'),
(1233, 152, '\n'),
(1234, 152, 'enhances'),
(1235, 152, 'cognitive'),
(1236, 152, 'function'),
(1237, 152, 'improves'),
(1238, 152, 'skin'),
(1239, 152, 'health'),
(1240, 152, 'supports'),
(1241, 152, 'liver'),
(1242, 152, 'function'),
(1243, 152, 'prevents'),
(1244, 152, '\n'),
(1245, 152, 'gallstones'),
(1246, 152, 'aids'),
(1247, 152, 'respiratory'),
(1248, 152, 'health'),
(1249, 153, '\n'),
(1250, 153, '●'),
(1251, 153, '\n'),
(1252, 153, 'peruvian'),
(1253, 153, 'coffee'),
(1254, 153, 'benefits'),
(1255, 153, 'enhances'),
(1256, 153, 'cardiovascular'),
(1257, 153, 'health'),
(1258, 153, 'supports'),
(1259, 153, 'arterial'),
(1260, 153, '\n'),
(1261, 153, 'health'),
(1262, 153, 'improves'),
(1263, 153, 'blood'),
(1264, 153, 'circulation'),
(1265, 153, 'lowers'),
(1266, 153, 'blood'),
(1267, 153, 'pressure'),
(1268, 153, 'reduces'),
(1269, 153, 'cholesterol'),
(1270, 153, 'levels'),
(1271, 153, '\n'),
(1272, 153, 'aids'),
(1273, 153, 'muscle'),
(1274, 153, 'recovery'),
(1275, 153, 'promotes'),
(1276, 153, 'gut'),
(1277, 153, 'health'),
(1278, 154, '\n'),
(1279, 154, '●'),
(1280, 154, '\n'),
(1281, 154, 'javanese'),
(1282, 154, 'coffee'),
(1283, 154, 'benefits'),
(1284, 154, 'reduces'),
(1285, 154, 'risk'),
(1286, 154, 'heart'),
(1287, 154, 'disease'),
(1288, 154, 'enhances'),
(1289, 154, 'cognitive'),
(1290, 154, '\n'),
(1291, 154, 'performance'),
(1292, 154, 'supports'),
(1293, 154, 'liver'),
(1294, 154, 'health'),
(1295, 154, 'improves'),
(1296, 154, 'skin'),
(1297, 154, 'elasticity'),
(1298, 154, 'boosts'),
(1299, 154, 'mood'),
(1300, 154, 'aids'),
(1301, 154, '\n'),
(1302, 154, 'weight'),
(1303, 154, 'management'),
(1304, 154, 'promotes'),
(1305, 154, 'respiratory'),
(1306, 154, 'health'),
(1307, 155, '\n'),
(1308, 155, '●'),
(1309, 155, '\n'),
(1310, 155, 'bolivian'),
(1311, 155, 'coffee'),
(1312, 155, 'benefits'),
(1313, 155, 'boosts'),
(1314, 155, 'energy'),
(1315, 155, 'improves'),
(1316, 155, 'brain'),
(1317, 155, 'function'),
(1318, 155, 'supports'),
(1319, 155, '\n'),
(1320, 155, 'cardiovascular'),
(1321, 155, 'health'),
(1322, 155, 'enhances'),
(1323, 155, 'liver'),
(1324, 155, 'function'),
(1325, 155, 'promotes'),
(1326, 155, 'digestive'),
(1327, 155, 'health'),
(1328, 155, 'reduces'),
(1329, 155, '\n'),
(1330, 155, 'risk'),
(1331, 155, 'diabetes'),
(1332, 155, 'strengthens'),
(1333, 155, 'immune'),
(1334, 155, 'system'),
(1335, 156, '\n'),
(1336, 156, '●'),
(1337, 156, '\n'),
(1338, 156, 'costa'),
(1339, 156, 'rican'),
(1340, 156, 'coffee'),
(1341, 156, 'benefits'),
(1342, 156, 'supports'),
(1343, 156, 'heart'),
(1344, 156, 'health'),
(1345, 156, 'improves'),
(1346, 156, 'vascular'),
(1347, 156, 'function'),
(1348, 156, '\n'),
(1349, 156, 'enhances'),
(1350, 156, 'blood'),
(1351, 156, 'circulation'),
(1352, 156, 'reduces'),
(1353, 156, 'risk'),
(1354, 156, 'stroke'),
(1355, 156, 'lowers'),
(1356, 156, 'cholesterol'),
(1357, 156, 'levels'),
(1358, 156, 'aids'),
(1359, 156, '\n'),
(1360, 156, 'muscle'),
(1361, 156, 'recovery'),
(1362, 156, 'promotes'),
(1363, 156, 'gut'),
(1364, 156, 'health'),
(1365, 157, '\n'),
(1366, 157, '●'),
(1367, 157, '\n'),
(1368, 157, 'mexican'),
(1369, 157, 'coffee'),
(1370, 157, 'benefits'),
(1371, 157, 'promotes'),
(1372, 157, 'cardiovascular'),
(1373, 157, 'health'),
(1374, 157, 'supports'),
(1375, 157, 'arterial'),
(1376, 157, 'health'),
(1377, 157, '\n'),
(1378, 157, 'enhances'),
(1379, 157, 'blood'),
(1380, 157, 'circulation'),
(1381, 157, 'lowers'),
(1382, 157, 'blood'),
(1383, 157, 'pressure'),
(1384, 157, 'reduces'),
(1385, 157, 'cholesterol'),
(1386, 157, 'levels'),
(1387, 157, 'aids'),
(1388, 157, '\n'),
(1389, 157, 'muscle'),
(1390, 157, 'recovery'),
(1391, 157, 'promotes'),
(1392, 157, 'gut'),
(1393, 157, 'health'),
(1394, 158, '\n'),
(1395, 158, '●'),
(1396, 158, '\n'),
(1397, 158, 'panamanian'),
(1398, 158, 'coffee'),
(1399, 158, 'benefits'),
(1400, 158, 'lowers'),
(1401, 158, 'cholesterol'),
(1402, 158, 'levels'),
(1403, 158, 'enhances'),
(1404, 158, 'physical'),
(1405, 158, '\n'),
(1406, 158, 'performance'),
(1407, 158, 'supports'),
(1408, 158, 'kidney'),
(1409, 158, 'function'),
(1410, 158, 'improves'),
(1411, 158, 'eye'),
(1412, 158, 'health'),
(1413, 158, 'reduces'),
(1414, 158, 'risk'),
(1415, 158, '\n'),
(1416, 158, 'stroke'),
(1417, 158, 'aids'),
(1418, 158, 'muscle'),
(1419, 158, 'recovery'),
(1420, 158, 'promotes'),
(1421, 158, 'gut'),
(1422, 158, 'health'),
(1423, 159, '\n'),
(1424, 159, '●'),
(1425, 159, '\n'),
(1426, 159, 'ecuadorian'),
(1427, 159, 'coffee'),
(1428, 159, 'benefits'),
(1429, 159, 'improves'),
(1430, 159, 'blood'),
(1431, 159, 'circulation'),
(1432, 159, 'supports'),
(1433, 159, 'heart'),
(1434, 159, 'health'),
(1435, 159, '\n'),
(1436, 159, 'enhances'),
(1437, 159, 'vascular'),
(1438, 159, 'function'),
(1439, 159, 'lowers'),
(1440, 159, 'cholesterol'),
(1441, 159, 'levels'),
(1442, 159, 'reduces'),
(1443, 159, 'risk'),
(1444, 159, 'stroke'),
(1445, 159, 'aids'),
(1446, 159, '\n'),
(1447, 159, 'muscle'),
(1448, 159, 'recovery'),
(1449, 159, 'promotes'),
(1450, 159, 'gut'),
(1451, 159, 'health'),
(1452, 160, '\n'),
(1453, 161, '●'),
(1454, 161, '\n'),
(1455, 161, 'ethiopian'),
(1456, 161, 'yirgacheffe'),
(1457, 161, 'coffee'),
(1458, 161, 'benefits'),
(1459, 161, 'improves'),
(1460, 161, 'brain'),
(1461, 161, 'function'),
(1462, 161, 'enhances'),
(1463, 161, 'cognitive'),
(1464, 161, '\n'),
(1465, 161, 'performance'),
(1466, 161, 'supports'),
(1467, 161, 'liver'),
(1468, 161, 'function'),
(1469, 161, 'boosts'),
(1470, 161, 'mood'),
(1471, 161, 'reduces'),
(1472, 161, 'inflammation'),
(1473, 161, 'improves'),
(1474, 161, '\n'),
(1475, 161, 'memory'),
(1476, 161, 'supports'),
(1477, 161, 'digestion'),
(1478, 162, '\n'),
(1479, 162, '●'),
(1480, 162, '\n'),
(1481, 162, 'honduran'),
(1482, 162, 'coffee'),
(1483, 162, 'benefits'),
(1484, 162, 'enhances'),
(1485, 162, 'cognitive'),
(1486, 162, 'function'),
(1487, 162, 'lowers'),
(1488, 162, 'blood'),
(1489, 162, 'pressure'),
(1490, 162, '\n'),
(1491, 162, 'increases'),
(1492, 162, 'energy'),
(1493, 162, 'improves'),
(1494, 162, 'skin'),
(1495, 162, 'health'),
(1496, 162, 'prevents'),
(1497, 162, 'gallstones'),
(1498, 162, 'reduces'),
(1499, 162, 'inflammation'),
(1500, 162, '\n'),
(1501, 162, 'supports'),
(1502, 162, 'liver'),
(1503, 162, 'function'),
(1504, 163, '\n'),
(1505, 163, '●'),
(1506, 163, '\n'),
(1507, 163, 'tanzanian'),
(1508, 163, 'peaberry'),
(1509, 163, 'coffee'),
(1510, 163, 'benefits'),
(1511, 163, 'boosts'),
(1512, 163, 'mood'),
(1513, 163, 'improves'),
(1514, 163, 'memory'),
(1515, 163, 'enhances'),
(1516, 163, '\n'),
(1517, 163, 'cognitive'),
(1518, 163, 'performance'),
(1519, 163, 'supports'),
(1520, 163, 'digestion'),
(1521, 163, 'improves'),
(1522, 163, 'brain'),
(1523, 163, 'function'),
(1524, 163, 'reduces'),
(1525, 163, '\n'),
(1526, 163, 'inflammation'),
(1527, 163, 'strengthens'),
(1528, 163, 'immune'),
(1529, 163, 'system'),
(1530, 164, '\n'),
(1531, 164, '●'),
(1532, 164, '\n'),
(1533, 164, 'nicaraguan'),
(1534, 164, 'coffee'),
(1535, 164, 'benefits'),
(1536, 164, 'supports'),
(1537, 164, 'liver'),
(1538, 164, 'function'),
(1539, 164, 'enhances'),
(1540, 164, 'cognitive'),
(1541, 164, 'function'),
(1542, 164, '\n'),
(1543, 164, 'boosts'),
(1544, 164, 'mood'),
(1545, 164, 'improves'),
(1546, 164, 'skin'),
(1547, 164, 'health'),
(1548, 164, 'supports'),
(1549, 164, 'digestion'),
(1550, 164, 'increases'),
(1551, 164, 'energy'),
(1552, 164, '\n'),
(1553, 164, 'improves'),
(1554, 164, 'memory'),
(1555, 165, '\n'),
(1556, 165, '●'),
(1557, 165, '\n'),
(1558, 165, 'rwandan'),
(1559, 165, 'coffee'),
(1560, 165, 'benefits'),
(1561, 165, 'improves'),
(1562, 165, 'brain'),
(1563, 165, 'function'),
(1564, 165, 'enhances'),
(1565, 165, 'cognitive'),
(1566, 165, '\n'),
(1567, 165, 'performance'),
(1568, 165, 'supports'),
(1569, 165, 'liver'),
(1570, 165, 'function'),
(1571, 165, 'strengthens'),
(1572, 165, 'immune'),
(1573, 165, 'system'),
(1574, 165, 'reduces'),
(1575, 165, '\n'),
(1576, 165, 'inflammation'),
(1577, 165, 'improves'),
(1578, 165, 'memory'),
(1579, 165, 'boosts'),
(1580, 165, 'mood'),
(1581, 166, '\n'),
(1582, 166, '●'),
(1583, 166, '\n'),
(1584, 166, 'ugandan'),
(1585, 166, 'coffee'),
(1586, 166, 'benefits'),
(1587, 166, 'enhances'),
(1588, 166, 'cognitive'),
(1589, 166, 'function'),
(1590, 166, 'boosts'),
(1591, 166, 'mood'),
(1592, 166, 'improves'),
(1593, 166, '\n'),
(1594, 166, 'skin'),
(1595, 166, 'health'),
(1596, 166, 'increases'),
(1597, 166, 'energy'),
(1598, 166, 'prevents'),
(1599, 166, 'gallstones'),
(1600, 166, 'reduces'),
(1601, 166, 'inflammation'),
(1602, 166, '\n'),
(1603, 166, 'supports'),
(1604, 166, 'digestion'),
(1605, 167, '\n'),
(1606, 167, '●'),
(1607, 167, '\n'),
(1608, 167, 'burundian'),
(1609, 167, 'coffee'),
(1610, 167, 'benefits'),
(1611, 167, 'improves'),
(1612, 167, 'brain'),
(1613, 167, 'function'),
(1614, 167, 'supports'),
(1615, 167, 'liver'),
(1616, 167, 'function'),
(1617, 167, '\n'),
(1618, 167, 'enhances'),
(1619, 167, 'cognitive'),
(1620, 167, 'performance'),
(1621, 167, 'boosts'),
(1622, 167, 'mood'),
(1623, 167, 'strengthens'),
(1624, 167, 'immune'),
(1625, 167, 'system'),
(1626, 167, '\n'),
(1627, 167, 'reduces'),
(1628, 167, 'inflammation'),
(1629, 167, 'supports'),
(1630, 167, 'digestion'),
(1631, 168, '\n'),
(1632, 168, '●'),
(1633, 168, '\n'),
(1634, 168, 'papua'),
(1635, 168, 'new'),
(1636, 168, 'guinean'),
(1637, 168, 'coffee'),
(1638, 168, 'benefits'),
(1639, 168, 'enhances'),
(1640, 168, 'cognitive'),
(1641, 168, 'function'),
(1642, 168, 'improves'),
(1643, 168, 'skin'),
(1644, 168, '\n'),
(1645, 168, 'health'),
(1646, 168, 'increases'),
(1647, 168, 'energy'),
(1648, 168, 'boosts'),
(1649, 168, 'mood'),
(1650, 168, 'supports'),
(1651, 168, 'liver'),
(1652, 168, 'function'),
(1653, 168, 'reduces'),
(1654, 168, 'inflammation'),
(1655, 168, '\n'),
(1656, 168, 'prevents'),
(1657, 168, 'gallstones'),
(1658, 169, '\n'),
(1659, 169, '●'),
(1660, 169, '\n'),
(1661, 169, 'zimbabwean'),
(1662, 169, 'coffee'),
(1663, 169, 'benefits'),
(1664, 169, 'improves'),
(1665, 169, 'blood'),
(1666, 169, 'circulation'),
(1667, 169, 'supports'),
(1668, 169, 'liver'),
(1669, 169, 'function'),
(1670, 169, '\n'),
(1671, 169, 'enhances'),
(1672, 169, 'vascular'),
(1673, 169, 'function'),
(1674, 169, 'lowers'),
(1675, 169, 'cholesterol'),
(1676, 169, 'levels'),
(1677, 169, 'enhances'),
(1678, 169, 'cognitive'),
(1679, 169, 'function'),
(1680, 169, '\n'),
(1681, 169, 'aids'),
(1682, 169, 'muscle'),
(1683, 169, 'recovery'),
(1684, 169, 'promotes'),
(1685, 169, 'gut'),
(1686, 169, 'health'),
(1687, 170, '\n'),
(1688, 170, '●'),
(1689, 170, '\n'),
(1690, 170, 'laotian'),
(1691, 170, 'coffee'),
(1692, 170, 'benefits'),
(1693, 170, 'improves'),
(1694, 170, 'blood'),
(1695, 170, 'circulation'),
(1696, 170, 'improves'),
(1697, 170, 'skin'),
(1698, 170, 'health'),
(1699, 170, '\n'),
(1700, 170, 'enhances'),
(1701, 170, 'vascular'),
(1702, 170, 'function'),
(1703, 170, 'lowers'),
(1704, 170, 'cholesterol'),
(1705, 170, 'levels'),
(1706, 170, 'improves'),
(1707, 170, 'brain'),
(1708, 170, 'function'),
(1709, 170, 'aids'),
(1710, 170, '\n'),
(1711, 170, 'muscle'),
(1712, 170, 'recovery'),
(1713, 170, 'promotes'),
(1714, 170, 'gut'),
(1715, 170, 'health'),
(1716, 171, '\n');

-- --------------------------------------------------------

--
-- Table structure for table `kms_app_refinements`
--

CREATE TABLE `kms_app_refinements` (
  `refinement_id` int(11) NOT NULL,
  `question` varchar(255) NOT NULL,
  `answer` varchar(255) NOT NULL
) ENGINE=InnoDB DEFAULT CHARSET=utf8mb4 COLLATE=utf8mb4_general_ci;

-- --------------------------------------------------------

--
-- Table structure for table `kms_app_terms`
--

CREATE TABLE `kms_app_terms` (
  `term` varchar(255) NOT NULL,
  `lemma` varchar(255) DEFAULT NULL
) ENGINE=InnoDB DEFAULT CHARSET=utf8mb4 COLLATE=utf8mb4_general_ci;

--
-- Dumping data for table `kms_app_terms`
--

INSERT INTO `kms_app_terms` (`term`, `lemma`) VALUES
('\n', '\n'),
(' ', ' '),
('1', '1'),
('10', '10'),
('132', '132'),
('171', '171'),
('17th', '17th'),
('2', '2'),
('2019', '2019'),
('2020', '2020'),
('22', '22'),
('25', '25'),
('3', '3'),
('30', '30'),
('4', '4'),
('5', '5'),
('6', '6'),
('70', '70'),
('75', '75'),
('actually', 'actually'),
('aids', 'aid'),
('anomalies', 'anomaly'),
('appear', 'appear'),
('april', 'April'),
('arabia', 'Arabia'),
('arabica', 'Arabica'),
('arabicas', 'Arabicas'),
('aroma', 'aroma'),
('arterial', 'arterial'),
('august', 'August'),
('bag', 'bag'),
('bagged', 'bag'),
('bags', 'bag'),
('batres', 'Batres'),
('bean', 'bean'),
('beans', 'bean'),
('benefits', 'benefit'),
('better', 'well'),
('bigger', 'big'),
('billion', 'billion'),
('bing', 'bing'),
('bits', 'bit'),
('blood', 'blood'),
('blue', 'Blue'),
('bolivian', 'bolivian'),
('boosts', 'boost'),
('bourbon', 'bourbon'),
('brain', 'brain'),
('branches', 'branch'),
('brazil', 'Brazil'),
('brazilian', 'brazilian'),
('buckets', 'bucket'),
('burundian', 'burundian'),
('calendar', 'calendar'),
('called', 'call'),
('canephora', 'Canephora'),
('cardiovascular', 'cardiovascular'),
('carlos', 'Carlos'),
('carried', 'carry'),
('catuai', 'Catuai'),
('caturra', 'Caturra'),
('central', 'Central'),
('century', 'century'),
('channels', 'channel'),
('cherries', 'cherry'),
('cherry', 'cherry'),
('china', 'China'),
('cholesterol', 'cholesterol'),
('circulation', 'circulation'),
('clean', 'clean'),
('climate', 'climate'),
('coffee', 'coffee'),
('cognitive', 'cognitive'),
('collected', 'collect'),
('colombia', 'Colombia'),
('colombian', 'colombian'),
('color', 'color'),
('combination', 'combination'),
('comes', 'come'),
('common', 'common'),
('compact', 'compact'),
('complexity', 'complexity'),
('configuration', 'configuration'),
('congo', 'Congo'),
('consistency', 'consistency'),
('containing', 'contain'),
('cooperative', 'cooperative'),
('costa', 'Costa'),
('covering', 'cover'),
('crossed', 'cross'),
('cup', 'cup'),
('deal', 'deal'),
('december', 'December'),
('definition', 'definition'),
('depulped', 'depulpe'),
('depulper', 'depulper'),
('depulpers', 'depulper'),
('describe', 'describe'),
('develop', 'develop'),
('diabetes', 'diabete'),
('digestion', 'digestion'),
('digestive', 'digestive'),
('directly', 'directly'),
('disease', 'disease'),
('dr', 'DR'),
('dried', 'dry'),
('dry', 'dry'),
('dryer', 'dryer'),
('drying', 'dry'),
('easier', 'easy'),
('ecuador', 'Ecuador'),
('ecuadorian', 'ecuadorian'),
('el', 'El'),
('elasticity', 'elasticity'),
('end', 'end'),
('energy', 'energy'),
('enhances', 'enhance'),
('ensure', 'ensure'),
('ensures', 'ensure'),
('equals', 'equal'),
('ethiopia', 'Ethiopia'),
('ethiopian', 'ethiopian'),
('eventually', 'eventually'),
('excellent', 'excellent'),
('eye', 'eye'),
('facilities', 'facility'),
('facility', 'facility'),
('farm', 'farm'),
('february', 'February'),
('fed', 'feed'),
('fermentation', 'fermentation'),
('find', 'find'),
('fleshy', 'fleshy'),
('flowers', 'flower'),
('foster', 'foster'),
('frequently', 'frequently'),
('fruit', 'fruit'),
('fruitiness', 'fruitiness'),
('fully', 'fully'),
('function', 'function'),
('gallstones', 'gallstone'),
('generally', 'generally'),
('genetic', 'genetic'),
('gently', 'gently'),
('grape', 'grape'),
('great', 'great'),
('green', 'green'),
('grow', 'grow'),
('guatemala', 'Guatemala'),
('guatemalan', 'Guatemalan'),
('guinea', 'Guinea'),
('guinean', 'guinean'),
('gut', 'gut'),
('hand', 'hand'),
('hardy', 'hardy'),
('harsher', 'harsh'),
('harvest', 'harvest'),
('harvesting', 'harvesting'),
('harvests', 'harvest'),
('hawaiian', 'Hawaiian'),
('health', 'health'),
('heart', 'heart'),
('heavy', 'heavy'),
('high', 'high'),
('honduran', 'honduran'),
('hulled', 'hull'),
('idea', 'idea'),
('identify', 'identify'),
('immediately', 'immediately'),
('immune', 'immune'),
('improves', 'improve'),
('increases', 'increase'),
('individual', 'individual'),
('indonesia', 'Indonesia'),
('industry', 'industry'),
('inflammation', 'inflammation'),
('influenced', 'influence'),
('insects', 'insect'),
('integrated', 'integrate'),
('jamaica', 'Jamaica'),
('jamaican', 'Jamaican'),
('january', 'January'),
('jasmine', 'jasmine'),
('javanese', 'javanese'),
('july', 'July'),
('june', 'June'),
('kenya', 'Kenya'),
('kenyan', 'kenyan'),
('kidney', 'kidney'),
('kind', 'kind'),
('known', 'know'),
('kona', 'Kona'),
('laid', 'lay'),
('laotian', 'laotian'),
('large', 'large'),
('larger', 'large'),
('later', 'later'),
('layer', 'layer'),
('layers', 'layer'),
('leaving', 'leave'),
('led', 'lead'),
('levels', 'level'),
('like', 'like'),
('liver', 'liver'),
('loss', 'loss'),
('lower', 'lower'),
('lowers', 'lower'),
('machine', 'machine'),
('machines', 'machine'),
('main', 'main'),
('making', 'make'),
('management', 'management'),
('mary', 'Mary'),
('material', 'material'),
('measure', 'measure'),
('mechanical', 'mechanical'),
('memory', 'memory'),
('metabolism', 'metabolism'),
('mexican', 'mexican'),
('mexico', 'Mexico'),
('micro', 'micro'),
('mill', 'mill'),
('milled', 'mill'),
('million', 'million'),
('mills', 'mill'),
('miracle', 'miracle'),
('mixed', 'mix'),
('mood', 'mood'),
('mountain', 'Mountain'),
('moved', 'move'),
('mucilage', 'mucilage'),
('multiple', 'multiple'),
('muscle', 'muscle'),
('named', 'name'),
('natural', 'natural'),
('nature', 'nature'),
('new', 'New'),
('nicaragua', 'Nicaragua'),
('nicaraguan', 'nicaraguan'),
('northen', 'Northen'),
('november', 'November'),
('october', 'October'),
('ones', 'one'),
('operations', 'operation'),
('outer', 'outer'),
('overnight', 'overnight'),
('panama', 'Panama'),
('panamanian', 'panamanian'),
('papua', 'Papua'),
('parchment', 'parchment'),
('parent', 'parent'),
('partially', 'partially'),
('patio', 'patio'),
('patios', 'patio'),
('pea', 'pea'),
('peaberry', 'Peaberry'),
('peak', 'peak'),
('percent', 'percent'),
('performance', 'performance'),
('peru', 'Peru'),
('peruvian', 'peruvian'),
('pests', 'pest'),
('physical', 'physical'),
('pick', 'pick'),
('picked', 'pick'),
('pickers', 'picker'),
('plant', 'plant'),
('pounds', 'pound'),
('pressure', 'pressure'),
('prevents', 'prevent'),
('prior', 'prior'),
('processing', 'processing'),
('producers', 'producer'),
('production', 'production'),
('profiles', 'profile'),
('prominent', 'prominent'),
('promotes', 'promote'),
('protection', 'protection'),
('provides', 'provide'),
('pulped', 'pulp'),
('pulper', 'pulper'),
('quality', 'quality'),
('quantities', 'quantity'),
('rainy', 'rainy'),
('raisin', 'raisin'),
('raked', 'rake'),
('recovery', 'recovery'),
('reduces', 'reduce'),
('referred', 'refer'),
('regular', 'regular'),
('remaining', 'remain'),
('remains', 'remain'),
('removed', 'remove'),
('removes', 'remove'),
('reposa', 'reposa'),
('represents', 'represent'),
('respiratory', 'respiratory'),
('rest', 'rest'),
('rested', 'rested'),
('result', 'result'),
('rica', 'Rica'),
('rican', 'rican'),
('rinsed', 'rinse'),
('ripe', 'ripe'),
('ripeness', 'ripeness'),
('rips', 'rip'),
('risk', 'risk'),
('roaster', 'roaster'),
('roasting', 'roasting'),
('robusta', 'Robusta'),
('rounder', 'rounder'),
('rwanda', 'Rwanda'),
('rwandan', 'rwandan'),
('salvador', 'Salvador'),
('scent', 'scent'),
('season', 'season'),
('seed', 'seed'),
('seeded', 'seeded'),
('seeing', 'see'),
('semi', 'semi'),
('september', 'September'),
('shaped', 'shape'),
('shared', 'share'),
('shipped', 'ship'),
('sitting', 'sit'),
('size', 'size'),
('skin', 'skin'),
('skinless', 'skinless'),
('smallest', 'small'),
('southern', 'Southern'),
('spanish', 'Spanish'),
('species', 'specie'),
('spoke', 'speak'),
('step', 'step'),
('steps', 'step'),
('stored', 'store'),
('strengthens', 'strengthen'),
('striking', 'striking'),
('stripping', 'strip'),
('stroke', 'stroke'),
('stronger', 'strong'),
('sturdy', 'sturdy'),
('subspecies', 'subspecie'),
('sumatra', 'Sumatra'),
('sun', 'sun'),
('supports', 'support'),
('susceptible', 'susceptible'),
('swanda', 'Swanda'),
('sweet', 'sweet'),
('sweetness', 'sweetness'),
('synonymously', 'synonymously'),
('system', 'system'),
('table', 'table'),
('tables', 'table'),
('tank', 'tank'),
('tanzania', 'Tanzania'),
('tanzanian', 'Tanzanian'),
('taste', 'taste'),
('tastes', 'taste'),
('terms', 'term'),
('thin', 'thin'),
('think', 'think'),
('thinner', 'thin'),
('thoroughly', 'thoroughly'),
('time', 'time'),
('tougher', 'tough'),
('transported', 'transport'),
('tree', 'tree'),
('trees', 'tree'),
('turkish', 'turkish'),
('type', 'type'),
('typica', 'Typica'),
('uganda', 'Uganda'),
('ugandan', 'Ugandan'),
('underlying', 'underlie'),
('unique', 'unique'),
('uses', 'use'),
('varies', 'vary'),
('vary', 'vary'),
('vascular', 'vascular'),
('vietnam', 'Vietnam'),
('vietnamese', 'vietnamese'),
('washed', 'Washed'),
('water', 'water'),
('weeks', 'week'),
('weighs', 'weigh'),
('weight', 'weight'),
('wet', 'wet'),
('white', 'white'),
('widely', 'widely'),
('williams', 'Williams'),
('world', 'world'),
('yemen', 'Yemen'),
('yemeni', 'yemeni'),
('yield', 'yield'),
('yielding', 'yield'),
('yirgacheffe', 'Yirgacheffe'),
('zimbabwean', 'zimbabwean'),
('●', '●');

-- --------------------------------------------------------

--
-- Table structure for table `kms_app_uploader`
--

CREATE TABLE `kms_app_uploader` (
  `uploader_id` int(11) NOT NULL,
  `username` varchar(150) NOT NULL,
  `password` varchar(128) NOT NULL
) ENGINE=InnoDB DEFAULT CHARSET=utf8mb4 COLLATE=utf8mb4_general_ci;

--
-- Dumping data for table `kms_app_uploader`
--

INSERT INTO `kms_app_uploader` (`uploader_id`, `username`, `password`) VALUES
(1, 'uploader', '1234567890');

--
-- Indexes for dumped tables
--

--
-- Indexes for table `auth_group`
--
ALTER TABLE `auth_group`
  ADD PRIMARY KEY (`id`),
  ADD UNIQUE KEY `name` (`name`);

--
-- Indexes for table `auth_group_permissions`
--
ALTER TABLE `auth_group_permissions`
  ADD PRIMARY KEY (`id`),
  ADD UNIQUE KEY `auth_group_permissions_group_id_permission_id_0cd325b0_uniq` (`group_id`,`permission_id`),
  ADD KEY `auth_group_permissio_permission_id_84c5c92e_fk_auth_perm` (`permission_id`);

--
-- Indexes for table `auth_permission`
--
ALTER TABLE `auth_permission`
  ADD PRIMARY KEY (`id`),
  ADD UNIQUE KEY `auth_permission_content_type_id_codename_01ab375a_uniq` (`content_type_id`,`codename`);

--
-- Indexes for table `auth_user`
--
ALTER TABLE `auth_user`
  ADD PRIMARY KEY (`id`),
  ADD UNIQUE KEY `username` (`username`);

--
-- Indexes for table `auth_user_groups`
--
ALTER TABLE `auth_user_groups`
  ADD PRIMARY KEY (`id`),
  ADD UNIQUE KEY `auth_user_groups_user_id_group_id_94350c0c_uniq` (`user_id`,`group_id`),
  ADD KEY `auth_user_groups_group_id_97559544_fk_auth_group_id` (`group_id`);

--
-- Indexes for table `auth_user_user_permissions`
--
ALTER TABLE `auth_user_user_permissions`
  ADD PRIMARY KEY (`id`),
  ADD UNIQUE KEY `auth_user_user_permissions_user_id_permission_id_14a6b632_uniq` (`user_id`,`permission_id`),
  ADD KEY `auth_user_user_permi_permission_id_1fbb5f2c_fk_auth_perm` (`permission_id`);

--
-- Indexes for table `django_admin_log`
--
ALTER TABLE `django_admin_log`
  ADD PRIMARY KEY (`id`),
  ADD KEY `django_admin_log_content_type_id_c4bce8eb_fk_django_co` (`content_type_id`),
  ADD KEY `django_admin_log_user_id_c564eba6_fk_auth_user_id` (`user_id`);

--
-- Indexes for table `django_content_type`
--
ALTER TABLE `django_content_type`
  ADD PRIMARY KEY (`id`),
  ADD UNIQUE KEY `django_content_type_app_label_model_76bd3d3b_uniq` (`app_label`,`model`);

--
-- Indexes for table `django_migrations`
--
ALTER TABLE `django_migrations`
  ADD PRIMARY KEY (`id`);

--
-- Indexes for table `django_session`
--
ALTER TABLE `django_session`
  ADD PRIMARY KEY (`session_key`),
  ADD KEY `django_session_expire_date_a5c62663` (`expire_date`);

--
-- Indexes for table `kms_app_docdetails`
--
ALTER TABLE `kms_app_docdetails`
  ADD PRIMARY KEY (`docdetail_id`),
  ADD KEY `kms_app_docdetails_document_id_a54ae8f6_fk_kms_app_d` (`document_id`);

--
-- Indexes for table `kms_app_documents`
--
ALTER TABLE `kms_app_documents`
  ADD PRIMARY KEY (`document_id`);

--
-- Indexes for table `kms_app_postinglists`
--
ALTER TABLE `kms_app_postinglists`
  ADD PRIMARY KEY (`postlist_id`),
  ADD KEY `kms_app_pos_term_a6db9a_idx` (`term`),
  ADD KEY `kms_app_pos_docdeta_5e44dc_idx` (`docdetail_id`);

--
-- Indexes for table `kms_app_refinements`
--
ALTER TABLE `kms_app_refinements`
  ADD PRIMARY KEY (`refinement_id`);

--
-- Indexes for table `kms_app_terms`
--
ALTER TABLE `kms_app_terms`
  ADD PRIMARY KEY (`term`),
  ADD KEY `kms_app_ter_term_873f61_idx` (`term`);

--
-- Indexes for table `kms_app_uploader`
--
ALTER TABLE `kms_app_uploader`
  ADD PRIMARY KEY (`uploader_id`),
  ADD UNIQUE KEY `username` (`username`);

--
-- AUTO_INCREMENT for dumped tables
--

--
-- AUTO_INCREMENT for table `auth_group`
--
ALTER TABLE `auth_group`
  MODIFY `id` int(11) NOT NULL AUTO_INCREMENT;

--
-- AUTO_INCREMENT for table `auth_group_permissions`
--
ALTER TABLE `auth_group_permissions`
  MODIFY `id` bigint(20) NOT NULL AUTO_INCREMENT;

--
-- AUTO_INCREMENT for table `auth_permission`
--
ALTER TABLE `auth_permission`
  MODIFY `id` int(11) NOT NULL AUTO_INCREMENT, AUTO_INCREMENT=49;

--
-- AUTO_INCREMENT for table `auth_user`
--
ALTER TABLE `auth_user`
  MODIFY `id` int(11) NOT NULL AUTO_INCREMENT;

--
-- AUTO_INCREMENT for table `auth_user_groups`
--
ALTER TABLE `auth_user_groups`
  MODIFY `id` bigint(20) NOT NULL AUTO_INCREMENT;

--
-- AUTO_INCREMENT for table `auth_user_user_permissions`
--
ALTER TABLE `auth_user_user_permissions`
  MODIFY `id` bigint(20) NOT NULL AUTO_INCREMENT;

--
-- AUTO_INCREMENT for table `django_admin_log`
--
ALTER TABLE `django_admin_log`
  MODIFY `id` int(11) NOT NULL AUTO_INCREMENT;

--
-- AUTO_INCREMENT for table `django_content_type`
--
ALTER TABLE `django_content_type`
  MODIFY `id` int(11) NOT NULL AUTO_INCREMENT, AUTO_INCREMENT=13;

--
-- AUTO_INCREMENT for table `django_migrations`
--
ALTER TABLE `django_migrations`
  MODIFY `id` bigint(20) NOT NULL AUTO_INCREMENT, AUTO_INCREMENT=20;

--
-- AUTO_INCREMENT for table `kms_app_docdetails`
--
ALTER TABLE `kms_app_docdetails`
  MODIFY `docdetail_id` int(11) NOT NULL AUTO_INCREMENT, AUTO_INCREMENT=172;

--
-- AUTO_INCREMENT for table `kms_app_documents`
--
ALTER TABLE `kms_app_documents`
  MODIFY `document_id` int(11) NOT NULL AUTO_INCREMENT, AUTO_INCREMENT=5;

--
-- AUTO_INCREMENT for table `kms_app_postinglists`
--
ALTER TABLE `kms_app_postinglists`
  MODIFY `postlist_id` int(11) NOT NULL AUTO_INCREMENT, AUTO_INCREMENT=1717;

--
-- AUTO_INCREMENT for table `kms_app_refinements`
--
ALTER TABLE `kms_app_refinements`
  MODIFY `refinement_id` int(11) NOT NULL AUTO_INCREMENT;

--
-- AUTO_INCREMENT for table `kms_app_uploader`
--
ALTER TABLE `kms_app_uploader`
  MODIFY `uploader_id` int(11) NOT NULL AUTO_INCREMENT, AUTO_INCREMENT=2;

--
-- Constraints for dumped tables
--

--
-- Constraints for table `auth_group_permissions`
--
ALTER TABLE `auth_group_permissions`
  ADD CONSTRAINT `auth_group_permissio_permission_id_84c5c92e_fk_auth_perm` FOREIGN KEY (`permission_id`) REFERENCES `auth_permission` (`id`),
  ADD CONSTRAINT `auth_group_permissions_group_id_b120cbf9_fk_auth_group_id` FOREIGN KEY (`group_id`) REFERENCES `auth_group` (`id`);

--
-- Constraints for table `auth_permission`
--
ALTER TABLE `auth_permission`
  ADD CONSTRAINT `auth_permission_content_type_id_2f476e4b_fk_django_co` FOREIGN KEY (`content_type_id`) REFERENCES `django_content_type` (`id`);

--
-- Constraints for table `auth_user_groups`
--
ALTER TABLE `auth_user_groups`
  ADD CONSTRAINT `auth_user_groups_group_id_97559544_fk_auth_group_id` FOREIGN KEY (`group_id`) REFERENCES `auth_group` (`id`),
  ADD CONSTRAINT `auth_user_groups_user_id_6a12ed8b_fk_auth_user_id` FOREIGN KEY (`user_id`) REFERENCES `auth_user` (`id`);

--
-- Constraints for table `auth_user_user_permissions`
--
ALTER TABLE `auth_user_user_permissions`
  ADD CONSTRAINT `auth_user_user_permi_permission_id_1fbb5f2c_fk_auth_perm` FOREIGN KEY (`permission_id`) REFERENCES `auth_permission` (`id`),
  ADD CONSTRAINT `auth_user_user_permissions_user_id_a95ead1b_fk_auth_user_id` FOREIGN KEY (`user_id`) REFERENCES `auth_user` (`id`);

--
-- Constraints for table `django_admin_log`
--
ALTER TABLE `django_admin_log`
  ADD CONSTRAINT `django_admin_log_content_type_id_c4bce8eb_fk_django_co` FOREIGN KEY (`content_type_id`) REFERENCES `django_content_type` (`id`),
  ADD CONSTRAINT `django_admin_log_user_id_c564eba6_fk_auth_user_id` FOREIGN KEY (`user_id`) REFERENCES `auth_user` (`id`);

--
-- Constraints for table `kms_app_docdetails`
--
ALTER TABLE `kms_app_docdetails`
  ADD CONSTRAINT `kms_app_docdetails_document_id_a54ae8f6_fk_kms_app_d` FOREIGN KEY (`document_id`) REFERENCES `kms_app_documents` (`document_id`);

--
-- Constraints for table `kms_app_postinglists`
--
ALTER TABLE `kms_app_postinglists`
  ADD CONSTRAINT `kms_app_postinglists_docdetail_id_c8fc0ab5_fk_kms_app_d` FOREIGN KEY (`docdetail_id`) REFERENCES `kms_app_docdetails` (`docdetail_id`),
  ADD CONSTRAINT `kms_app_postinglists_term_4fd95ee6_fk_kms_app_terms_term` FOREIGN KEY (`term`) REFERENCES `kms_app_terms` (`term`);
COMMIT;

/*!40101 SET CHARACTER_SET_CLIENT=@OLD_CHARACTER_SET_CLIENT */;
/*!40101 SET CHARACTER_SET_RESULTS=@OLD_CHARACTER_SET_RESULTS */;
/*!40101 SET COLLATION_CONNECTION=@OLD_COLLATION_CONNECTION */;
